id,name,email,gender,location,date,oncho,schisto,helminths,lf
1,Francklyn Baddam,fbaddam0@un.org,Male,,08/03/2024,positive,positive,negative,
2,Saundra Fowgies,sfowgies1@themeforest.net,Male,,05/09/2024,,,positive,
3,Charlean Gaudin,cgaudin2@domainmarket.com,Female,Khadzhalmakhi,26/12/2023,,,negative,positive
4,Burlie Kunzelmann,bkunzelmann3@cnbc.com,Male,,11/03/2025,negative,negative,,
5,Devan Claffey,dclaffey4@gizmodo.com,Female,Slobodskoy,06/06/2025,,,positive,negative
6,Debbie Gallelli,dgallelli5@tiny.cc,Female,Oyama,05/06/2025,negative,,,negative
7,Veriee Elmore,velmore6@mapquest.com,Female,Uppsala,05/04/2025,positive,positive,,positive
8,Laure Tape,ltape7@uiuc.edu,Genderfluid,Kulia Village,21/01/2025,,positive,negative,negative
9,Emmalynn Rosterne,erosterne8@booking.com,Female,,31/03/2025,negative,,negative,
10,Garfield Kilshall,gkilshall9@aol.com,Male,Kharovsk,12/05/2024,positive,positive,,
11,Garvey Michurin,gmichurina@purevolume.com,Male,Cheongpyeong,07/06/2025,,positive,,
12,Blinny Buffery,bbufferyb@hhs.gov,Female,,30/04/2024,negative,positive,positive,
13,Stefan Vickors,svickorsc@cyberchimps.com,Bigender,Tonekābon,26/05/2024,negative,positive,positive,positive
14,Salomon Sowray,ssowrayd@dion.ne.jp,Male,,22/07/2024,positive,positive,negative,
15,Tito Tovey,ttoveye@reference.com,Male,Wanliang,27/03/2025,positive,positive,positive,
16,Cybil Fludgate,cfludgatef@ucsd.edu,Female,,18/05/2025,,,negative,positive
17,Bellanca Gullyes,bgullyesg@tuttocitta.it,Female,Tacheng,04/01/2024,positive,negative,,negative
18,Brandais Bygrave,bbygraveh@sphinn.com,Female,Kertasari,23/06/2025,negative,,positive,negative
19,Kathlin Chate,kchatei@scribd.com,Female,,27/02/2025,,negative,positive,
20,Larissa Stoggell,lstoggellj@pagesperso-orange.fr,Polygender,Jiangya,02/09/2024,positive,negative,positive,
21,Cully Floweth,cflowethk@hexun.com,Male,Ketampak,30/03/2024,positive,negative,,
22,Esteban Beaulieu,ebeaulieul@123-reg.co.uk,Male,,19/01/2024,,,negative,positive
23,Harriet Downes,hdownesm@alexa.com,Female,Taldyqorghan,13/04/2024,positive,negative,,negative
24,Waylan Acock,wacockn@yahoo.co.jp,Bigender,,17/06/2025,negative,positive,positive,
25,Diena Simion,dsimiono@quantcast.com,Female,,21/03/2025,,negative,positive,
26,Catha Selman,cselmanp@xinhuanet.com,Female,,08/11/2024,positive,positive,negative,positive
27,Kevin Prestwich,kprestwichq@i2i.jp,Genderqueer,Taibao,01/06/2024,,positive,negative,positive
28,Farlee Deyes,fdeyesr@skyrock.com,Polygender,Gunungmalang Satu,11/06/2024,negative,negative,,negative
29,Julissa Vampouille,jvampouilles@ted.com,Female,Derbent,01/03/2025,negative,positive,,positive
30,Theressa Brunel,tbrunelt@cbslocal.com,Female,Bubanza,17/09/2024,,positive,negative,positive
31,Amery Renfrew,arenfrewu@dedecms.com,Male,,20/06/2024,,negative,negative,
32,Ardith Wintour,awintourv@xrea.com,Female,Naivasha,28/12/2024,,negative,,negative
33,Konstantin Cullivan,kcullivanw@rediff.com,Male,,16/03/2025,negative,positive,,negative
34,Balduin Clifforth,bclifforthx@go.com,Male,,01/06/2024,positive,negative,negative,positive
35,Jayme Letten,jletteny@sbwire.com,Male,Lame,27/04/2025,positive,positive,negative,positive
36,Wylie Abarough,wabaroughz@cornell.edu,Male,,27/07/2024,,,,
37,Odell Danilchik,odanilchik10@creativecommons.org,Male,Doubrava,05/01/2025,,positive,negative,negative
38,Jacquenette Maggiori,jmaggiori11@berkeley.edu,Female,,01/12/2023,positive,negative,,
39,Merlina Mehmet,mmehmet12@etsy.com,Female,Zhaolingpu,25/07/2024,negative,,,positive
40,Therese Sandwich,tsandwich13@xing.com,Female,Heicheng,26/11/2023,negative,,,negative
41,Cassandre Leebetter,cleebetter14@stanford.edu,Female,Vårby,14/06/2024,,negative,,positive
42,Teddy Rove,trove15@taobao.com,Female,Krabi,27/12/2023,positive,,positive,
43,Cahra Firth,cfirth16@acquirethisname.com,Female,Buyant,17/01/2025,positive,positive,positive,negative
44,Cchaddie Howes,chowes17@creativecommons.org,Male,Miechów Charsznica,21/05/2025,,positive,negative,
45,Rosmunda Sessuns,rsessuns18@illinois.edu,Female,,19/05/2025,negative,negative,,negative
46,Danette Betts,dbetts19@engadget.com,Female,Humaitá,08/02/2024,positive,negative,,
47,Raphael Netting,rnetting1a@unesco.org,Male,Kedungcangkring,20/08/2024,positive,negative,negative,
48,Ali Harrap,aharrap1b@berkeley.edu,Female,Domašinec,18/03/2024,positive,positive,negative,negative
49,Felice Bagenal,fbagenal1c@netlog.com,Female,Bual,08/04/2024,positive,negative,,positive
50,Shelley Salliss,ssalliss1d@marketwatch.com,Female,Xiaohe,03/01/2024,negative,positive,,negative
51,Hoyt MacIlriach,hmacilriach1e@java.com,Male,Ferraz de Vasconcelos,23/11/2024,,,positive,negative
52,Lindsey Enoksson,lenoksson1f@wikia.com,Female,,17/01/2024,negative,positive,,positive
53,Wolfy Cornish,wcornish1g@photobucket.com,Male,,09/04/2024,positive,,positive,negative
54,Inger Mattack,imattack1h@artisteer.com,Female,,24/04/2025,,positive,negative,
55,Dagny Giacomello,dgiacomello1i@apple.com,Male,Pop Shahri,01/05/2025,positive,,negative,positive
56,Lanna Amberg,lamberg1j@cbc.ca,Non-binary,Balogo,20/03/2024,,positive,negative,positive
57,Frances Pahler,fpahler1k@a8.net,Female,Charat,30/11/2023,negative,negative,negative,negative
58,Townsend Tackett,ttackett1l@t.co,Male,Kurchatov,03/04/2024,positive,,negative,positive
59,Sibylle Stubs,sstubs1m@arizona.edu,Female,Zuénoula,20/02/2024,,negative,negative,negative
60,Deborah O'Lyhane,dolyhane1n@163.com,Female,Skwierzyna,16/02/2024,,negative,negative,negative
61,Gery Douthwaite,gdouthwaite1o@kickstarter.com,Male,,21/11/2023,positive,negative,,negative
62,Evangeline Bartol,ebartol1p@youtu.be,Female,Strogino,16/08/2024,positive,positive,positive,
63,Verne Parkisson,vparkisson1q@smugmug.com,Male,Sarulla,20/09/2024,,positive,,positive
64,Elliot Pitherick,epitherick1r@yahoo.com,Male,,10/07/2024,negative,,positive,
65,Ketty Pounds,kpounds1s@wisc.edu,Female,,30/12/2023,,positive,,positive
66,Linet Roder,lroder1t@businessinsider.com,Female,,10/11/2023,negative,positive,positive,positive
67,Bentlee Ridgers,bridgers1u@parallels.com,Male,Kant,10/03/2024,,,negative,positive
68,Cross Hannond,channond1v@dyndns.org,Male,Shuangtang,19/11/2024,negative,negative,,negative
69,Barth Houseman,bhouseman1w@wufoo.com,Male,Sezimovo Ústí,21/02/2024,,,,negative
70,Obie Malimoe,omalimoe1x@hatena.ne.jp,Male,Severoural’sk,11/05/2024,positive,positive,negative,
71,Izabel Reuven,ireuven1y@bandcamp.com,Female,Rondonópolis,17/06/2025,negative,positive,positive,negative
72,Edmund Kilpatrick,ekilpatrick1z@mail.ru,Male,Kuala Bhee,13/07/2024,,negative,positive,negative
73,Bruno Wilcinskis,bwilcinskis20@ezinearticles.com,Male,Corredoura,24/03/2025,positive,negative,,negative
74,Ronda Andriuzzi,randriuzzi21@wunderground.com,Female,Roissy Charles-de-Gaulle,05/11/2024,negative,positive,positive,negative
75,Octavius Gorse,ogorse22@independent.co.uk,Male,Cotorra,01/08/2024,negative,positive,positive,positive
76,Rickie Beloe,rbeloe23@hexun.com,Male,Jantake,18/02/2025,negative,positive,negative,negative
77,Kelby McGrotty,kmcgrotty24@nasa.gov,Male,,05/10/2024,positive,,positive,negative
78,Roseann Syce,rsyce25@cdbaby.com,Female,,12/08/2024,,,positive,negative
79,Bing Grealish,bgrealish26@ox.ac.uk,Male,Metz,16/04/2025,negative,negative,negative,positive
80,Lavinie Endon,lendon27@etsy.com,Female,,15/04/2024,negative,positive,negative,negative
81,Vida Duffy,vduffy28@ebay.com,Female,,27/11/2023,positive,negative,,negative
82,Jamie Wolters,jwolters29@blogtalkradio.com,Male,Bassila,20/06/2025,negative,positive,positive,positive
83,Lorna Clutram,lclutram2a@hugedomains.com,Genderqueer,Concordia,01/12/2024,negative,,negative,negative
84,Legra Ghiroldi,lghiroldi2b@accuweather.com,Non-binary,Qingshui,27/10/2024,positive,positive,positive,negative
85,Spense Albro,salbro2c@ed.gov,Male,Lampang,27/08/2024,positive,negative,negative,positive
86,Leelah Velten,lvelten2d@wikia.com,Female,,25/04/2024,,,,negative
87,Farr Hedgeman,fhedgeman2e@google.es,Male,Batuan,21/04/2024,positive,,,negative
88,Jasmin Pietrzak,jpietrzak2f@ft.com,Female,,19/08/2024,negative,negative,negative,positive
89,Laurena Relton,lrelton2g@tripadvisor.com,Female,,09/02/2025,negative,,,negative
90,Darius Partrick,dpartrick2h@comsenz.com,Male,Pulopaya,08/04/2025,negative,positive,positive,positive
91,Eduard Donnison,edonnison2i@xing.com,Male,Verin Artashat,05/11/2023,positive,negative,positive,positive
92,Hertha Gaddesby,hgaddesby2j@fema.gov,Female,Carcavelos,11/01/2025,negative,positive,positive,positive
93,Alexio Colecrough,acolecrough2k@nih.gov,Male,Raychikhinsk,22/06/2025,positive,,,
94,Marve Johannes,mjohannes2l@wisc.edu,Male,Panite,07/11/2024,,negative,positive,negative
95,Cesaro Tapply,ctapply2m@desdev.cn,Male,Saint-Nazaire,18/03/2024,negative,negative,negative,
96,Tobias O'Duggan,toduggan2n@squarespace.com,Genderfluid,,13/05/2024,negative,,negative,negative
97,Earl Conyer,econyer2o@linkedin.com,Male,Kotuń,10/03/2024,positive,negative,negative,negative
98,Vonni Moyce,vmoyce2p@zdnet.com,Female,Liješnica,22/06/2025,negative,,negative,
99,Lynnette Connelly,lconnelly2q@drupal.org,Female,Alukama,09/01/2025,negative,,negative,negative
100,Sher Battrick,sbattrick2r@utexas.edu,Genderfluid,Purwodadi,18/05/2025,,,negative,positive
101,Polly Skene,pskene2s@businesswire.com,Female,Chouto,01/01/2024,positive,,,
102,Frayda Keitch,fkeitch2t@ifeng.com,Female,,05/04/2025,positive,positive,negative,negative
103,Wyatan Threadgall,wthreadgall2u@networksolutions.com,Genderfluid,Paobulan,14/01/2024,positive,negative,,
104,Drugi Parkman,dparkman2v@drupal.org,Male,,02/09/2024,negative,negative,positive,negative
105,Timmie Lutas,tlutas2w@ehow.com,Male,,11/11/2023,negative,negative,negative,positive
106,Iosep Esposita,iesposita2x@paypal.com,Male,Zhanjiang,17/06/2025,negative,,negative,
107,Corie Gittus,cgittus2y@opensource.org,Polygender,Changgou,05/05/2025,negative,,,
108,Wanids Dows,wdows2z@bloglovin.com,Female,Zeya,25/01/2025,,positive,positive,negative
109,Victoria Haward,vhaward30@abc.net.au,Female,,01/04/2024,,negative,,negative
110,Charlot Aubery,caubery31@digg.com,Female,San Miguel,13/05/2025,negative,,positive,positive
111,Shirley Torres,storres32@webs.com,Female,Lat Lum Kaeo,19/10/2024,positive,positive,,positive
112,Doris Dulton,ddulton33@unblog.fr,Female,,03/05/2024,positive,negative,positive,
113,Bowie Gatteridge,bgatteridge34@shop-pro.jp,Male,Jardim da Serra,27/03/2024,,,positive,positive
114,Orelia Trolley,otrolley35@marketwatch.com,Polygender,Émpa,18/08/2024,positive,,positive,negative
115,Bradney Teggart,bteggart36@buzzfeed.com,Male,,30/01/2024,,negative,negative,
116,Charyl Enric,cenric37@abc.net.au,Female,Kasulu,07/12/2023,negative,positive,positive,
117,Consolata Tarren,ctarren38@symantec.com,Female,Pudasjärvi,28/01/2024,,positive,,
118,Hedi Giraudel,hgiraudel39@archive.org,Female,Alor Setar,27/05/2025,,negative,negative,negative
119,Kenn Bahl,kbahl3a@smugmug.com,Agender,Donskoye,09/12/2024,,negative,negative,positive
120,Marty Troke,mtroke3b@123-reg.co.uk,Female,,09/01/2025,negative,,negative,
121,Dallas Cleare,dcleare3c@gizmodo.com,Female,Aizi,06/08/2024,positive,,,
122,Travis Davidsohn,tdavidsohn3d@utexas.edu,Male,Fantan,06/03/2025,negative,,positive,positive
123,Karna Minico,kminico3e@gnu.org,Female,,15/08/2024,negative,,,
124,Witty Geffcock,wgeffcock3f@nih.gov,Male,Euclides da Cunha,09/08/2024,negative,positive,,negative
125,Mallory Geill,mgeill3g@topsy.com,Male,,28/08/2024,negative,positive,positive,negative
126,Jeff McCullen,jmccullen3h@hud.gov,Male,,02/02/2025,positive,positive,negative,positive
127,Claudell Sambedge,csambedge3i@ca.gov,Male,Yidu,16/02/2024,negative,,positive,negative
128,Eadmund Brede,ebrede3j@opensource.org,Male,Penápolis,15/05/2024,negative,,negative,
129,Horacio Mouser,hmouser3k@godaddy.com,Male,Baki,30/09/2024,positive,positive,,positive
130,Franny Box,fbox3l@issuu.com,Female,Adzopé,22/03/2024,,negative,positive,positive
131,Melisenda Kalinke,mkalinke3m@nbcnews.com,Female,Petrovsk,06/04/2025,positive,positive,,
132,Kellie Topaz,ktopaz3n@usnews.com,Female,Cockburn Town,17/03/2024,positive,positive,,
133,Orlando Booeln,obooeln3o@edublogs.org,Male,Mobile,23/03/2025,positive,negative,positive,
134,Tedd Earengey,tearengey3p@blog.com,Male,San Jacinto,22/04/2025,,,positive,
135,Chandal Dogerty,cdogerty3q@ehow.com,Female,Tyresö,29/04/2024,negative,positive,positive,positive
136,Forest Cathel,fcathel3r@moonfruit.com,Male,Vom,24/02/2024,,,negative,positive
137,Goraud Gever,ggever3s@gnu.org,Male,,10/02/2025,negative,negative,negative,
138,Grazia Maidens,gmaidens3t@nhs.uk,Agender,Dasha,21/06/2025,negative,,,negative
139,Stoddard Cushion,scushion3u@exblog.jp,Female,,21/02/2025,negative,positive,negative,negative
140,Lucila Choulerton,lchoulerton3v@mapy.cz,Female,San Alberto,19/12/2024,,negative,positive,
141,Olimpia Maffezzoli,omaffezzoli3w@nymag.com,Genderqueer,,07/03/2025,,positive,,
142,Natalie Monan,nmonan3x@unblog.fr,Female,Banjar Swastika,31/10/2024,negative,,,positive
143,Buiron Clamp,bclamp3y@instagram.com,Male,Avignon,28/05/2024,negative,positive,,positive
144,Atlanta Muldownie,amuldownie3z@biblegateway.com,Female,,01/11/2024,negative,,,positive
145,Ignaz Lamba,ilamba40@tamu.edu,Male,,06/09/2024,positive,negative,positive,positive
146,Manny Alleburton,malleburton41@1688.com,Male,Doetinchem,30/03/2025,,positive,positive,positive
147,Cecilla Feavyour,cfeavyour42@is.gd,Female,Uzda,05/01/2025,,negative,positive,positive
148,Lilla Cherry,lcherry43@goo.gl,Female,Piggs Peak,17/12/2024,positive,negative,,
149,Obadiah Semon,osemon44@discuz.net,Male,,25/11/2024,negative,positive,negative,positive
150,Monti Gillatt,mgillatt45@europa.eu,Male,Bajomulyo,30/11/2023,,positive,,
151,Odelinda Cotes,ocotes46@bloomberg.com,Female,Kaset Wisai,22/01/2025,positive,,positive,positive
152,Agace Saunter,asaunter47@toplist.cz,Female,Pakel,15/10/2024,negative,negative,positive,
153,Felipa Craxford,fcraxford48@studiopress.com,Female,,02/07/2024,negative,negative,positive,negative
154,Nell Phinnessy,nphinnessy49@posterous.com,Female,Brongkah,01/02/2024,positive,,,
155,Rosy Nassey,rnassey4a@wikipedia.org,Female,,21/04/2024,,positive,positive,negative
156,Falito Petrushkevich,fpetrushkevich4b@soundcloud.com,Male,Hövsan,11/06/2025,negative,negative,positive,positive
157,Diego Jouhan,djouhan4c@vk.com,Genderqueer,Louisville,16/01/2024,positive,,negative,positive
158,Jaquith Painswick,jpainswick4d@mayoclinic.com,Female,Jinanten,03/05/2024,,positive,negative,positive
159,Viki Lincoln,vlincoln4e@blogspot.com,Female,Heerlen,07/01/2024,negative,,negative,negative
160,Jdavie Kienl,jkienl4f@over-blog.com,Male,,07/10/2024,negative,negative,positive,negative
161,Brucie Darton,bdarton4g@nytimes.com,Male,Springfield,11/02/2025,negative,positive,negative,negative
162,Hollie Langlands,hlanglands4h@wp.com,Female,Lavaltrie,06/08/2024,,,,
163,Joice Capoun,jcapoun4i@comcast.net,Female,Shahumyan,05/04/2024,positive,,positive,
164,Raleigh Mennear,rmennear4j@samsung.com,Male,Guia,11/11/2024,positive,negative,,negative
165,Constancy Helian,chelian4k@ed.gov,Female,Itapicuru,02/05/2025,,positive,negative,negative
166,Mariann Wilby,mwilby4l@ow.ly,Female,Khuzdār,08/11/2023,,positive,positive,positive
167,Tabby Gabits,tgabits4m@123-reg.co.uk,Female,Miracema,07/06/2024,negative,negative,negative,positive
168,Jerrine Ierland,jierland4n@networksolutions.com,Female,Egindiköl,26/04/2025,positive,positive,,positive
169,Chrysa Hailes,chailes4o@yolasite.com,Non-binary,Manizales,31/01/2025,,negative,positive,negative
170,Marcellus Durand,mdurand4p@cam.ac.uk,Male,Luka nad Jihlavou,16/04/2025,positive,positive,positive,
171,Lauritz Dubock,ldubock4q@hexun.com,Male,Périgny,21/11/2023,negative,positive,negative,
172,Foss Lippini,flippini4r@google.com,Male,,27/10/2024,negative,positive,negative,positive
173,Brockie Scanes,bscanes4s@jalbum.net,Male,Yiánnouli,05/10/2024,positive,positive,,positive
174,Courtney Folomkin,cfolomkin4t@bluehost.com,Male,Prakhon Chai,11/08/2024,,,positive,positive
175,Jeanette Bailes,jbailes4u@networksolutions.com,Female,,16/08/2024,negative,positive,negative,positive
176,Towny Cundy,tcundy4v@twitter.com,Male,Kapsan-ŭp,20/06/2025,negative,positive,positive,positive
177,Bridie Lambourne,blambourne4w@lycos.com,Female,Seropédica,02/06/2024,positive,,negative,positive
178,Elliott Fruin,efruin4x@spotify.com,Male,Ágios Andréas,06/12/2024,,positive,,negative
179,Iris Bendixen,ibendixen4y@yellowbook.com,Female,Comitancillo,13/02/2025,negative,,negative,negative
180,Danya Yakuntsov,dyakuntsov4z@clickbank.net,Female,Poxin,20/07/2024,,,negative,positive
181,Brade O'Hickee,bohickee50@xrea.com,Male,,04/02/2024,negative,positive,positive,positive
182,Colas Gilvear,cgilvear51@blog.com,Male,Taoyuan,03/01/2025,,negative,,positive
183,Arnaldo Arney,aarney52@people.com.cn,Male,Tupanciretã,10/04/2024,,,positive,positive
184,Thaine Simonsen,tsimonsen53@msu.edu,Male,Embi,19/02/2025,,positive,,
185,Tori Bonin,tbonin54@yolasite.com,Female,La Unión,16/03/2025,negative,,positive,
186,Buddy Kuschel,bkuschel55@bravesites.com,Male,,18/11/2023,positive,,positive,negative
187,Priscilla Fley,pfley56@weibo.com,Female,Rancabelut,03/05/2024,negative,negative,negative,
188,Ardyce Schach,aschach57@bloglovin.com,Female,Wahai,19/07/2024,positive,negative,positive,positive
189,Marjory Stansfield,mstansfield58@ihg.com,Female,Anta,28/11/2024,,,negative,positive
190,Wendie Baroche,wbaroche59@vimeo.com,Female,Gouping,10/04/2024,,negative,,
191,Evered Bradick,ebradick5a@statcounter.com,Male,Marne-la-Vallée,30/04/2024,negative,negative,positive,
192,Marleen Towl,mtowl5b@go.com,Female,Sainyabuli,13/10/2024,negative,positive,,negative
193,Holt Colloby,hcolloby5c@reddit.com,Male,Dahe,01/06/2025,,negative,negative,positive
194,Rosalinda Wimp,rwimp5d@dell.com,Female,Yangkou,02/01/2025,negative,positive,positive,negative
195,Oates Jendrich,ojendrich5e@theglobeandmail.com,Male,Iwase,11/06/2024,negative,,negative,
196,Clevie Mighele,cmighele5f@ucoz.com,Polygender,,15/01/2024,,negative,negative,
197,Raddie Riddell,rriddell5g@theatlantic.com,Male,Martaban,13/12/2024,negative,negative,positive,
198,Jean Opie,jopie5h@woothemes.com,Female,,19/05/2025,negative,positive,,negative
199,Derek Clac,dclac5i@deviantart.com,Male,Muslyumovo,22/03/2025,negative,positive,negative,negative
200,Valentine Maccaig,vmaccaig5j@msn.com,Female,Santo Aleixo,29/01/2025,positive,,positive,negative
201,Hilarius Junkin,hjunkin5k@odnoklassniki.ru,Male,,05/05/2025,negative,positive,negative,positive
202,Codee Coils,ccoils5l@deliciousdays.com,Female,Jinchuan,15/02/2024,negative,,,negative
203,Meier Whall,mwhall5m@booking.com,Male,Kostryzhivka,03/10/2024,positive,negative,,positive
204,Chrissy Bratt,cbratt5n@163.com,Male,,23/05/2024,negative,negative,,negative
205,Buck Crane,bcrane5o@reverbnation.com,Male,,17/08/2024,positive,,,positive
206,Maryjo Weavill,mweavill5p@photobucket.com,Female,Dalang,02/02/2024,,positive,positive,negative
207,Cherianne Sellman,csellman5q@plala.or.jp,Female,Skien,09/04/2024,positive,,positive,positive
208,Frederick Goodsall,fgoodsall5r@squarespace.com,Male,,30/08/2024,,negative,positive,negative
209,Audra Coldham,acoldham5s@spotify.com,Female,Yupiltepeque,19/02/2024,positive,negative,positive,negative
210,Danya Burne,dburne5t@devhub.com,Male,Qilin,10/12/2023,negative,,,positive
211,Matelda Phillippo,mphillippo5u@homestead.com,Female,Llorente,31/03/2025,negative,positive,negative,negative
212,Conrade Sedgebeer,csedgebeer5v@sfgate.com,Male,,04/08/2024,positive,,,positive
213,Liva MacKall,lmackall5w@bloglines.com,Female,Shanxi,06/01/2025,,negative,negative,negative
214,Kirby Capaldo,kcapaldo5x@japanpost.jp,Female,,14/11/2024,negative,positive,negative,negative
215,Maisie Matveichev,mmatveichev5y@noaa.gov,Female,Quebradas,16/09/2024,negative,positive,negative,positive
216,Luce Dunnan,ldunnan5z@reverbnation.com,Female,Buenos Aires,26/06/2024,,negative,negative,positive
217,Wake Niesing,wniesing60@springer.com,Male,Greensboro,10/11/2023,,negative,,positive
218,Crysta Girault,cgirault61@theglobeandmail.com,Female,Aygestan,31/10/2024,,negative,positive,negative
219,Willie Tasker,wtasker62@prlog.org,Male,Priupskiy,30/12/2024,negative,positive,,
220,Sigmund Esslemont,sesslemont63@mit.edu,Polygender,,12/07/2024,positive,positive,positive,positive
221,Jami Laughlan,jlaughlan64@yellowbook.com,Polygender,Rizal,05/11/2024,,positive,positive,
222,Karon Bontoft,kbontoft65@cnbc.com,Female,Gujun,16/03/2025,negative,negative,positive,
223,Daria Spaduzza,dspaduzza66@disqus.com,Female,Atlanta,12/04/2025,negative,,,
224,Ricki Brantzen,rbrantzen67@icq.com,Male,Grand Bank,31/12/2024,negative,negative,positive,
225,Durant Naisbet,dnaisbet68@addtoany.com,Male,Pentecoste,30/05/2025,negative,negative,negative,negative
226,Sumner Renney,srenney69@nydailynews.com,Male,,16/03/2024,positive,negative,positive,positive
227,Codee Trude,ctrude6a@amazon.de,Female,,12/05/2025,negative,negative,negative,negative
228,Brigitta Kildale,bkildale6b@ebay.co.uk,Genderqueer,Yantongtun,11/07/2024,positive,,positive,
229,Had Byrcher,hbyrcher6c@t-online.de,Male,Xylotymbou,24/07/2024,negative,,negative,positive
230,Ambrosi Smallpiece,asmallpiece6d@geocities.com,Male,Prnjavor,26/07/2024,,,,
231,Marnia Dutch,mdutch6e@vk.com,Bigender,Wonosari,27/01/2025,negative,,positive,positive
232,Victoria Szymon,vszymon6f@businesswire.com,Female,Ts’khinvali,08/01/2024,,,negative,
233,Jerrylee Lindback,jlindback6g@hubpages.com,Female,,17/09/2024,positive,,,
234,Pam Pallent,ppallent6h@networksolutions.com,Female,,30/04/2025,negative,,negative,negative
235,Hazel Leon,hleon6i@w3.org,Female,,29/09/2024,positive,negative,negative,positive
236,Dexter Hamm,dhamm6j@scribd.com,Male,,04/08/2024,positive,,positive,negative
237,Murielle Gawne,mgawne6k@xrea.com,Female,Crespo,07/03/2025,negative,positive,,positive
238,Muffin Woloschinski,mwoloschinski6l@diigo.com,Male,Jingxin,04/10/2024,positive,,negative,negative
239,Oralle Kuhnhardt,okuhnhardt6m@cdc.gov,Female,,24/01/2025,positive,,positive,positive
240,Mallissa Huckett,mhuckett6n@omniture.com,Female,Kampungruweh,08/10/2024,negative,positive,positive,negative
241,Gabie Zoephel,gzoephel6o@harvard.edu,Male,Obsharovka,22/05/2025,,negative,negative,negative
242,Ronna Cane,rcane6p@ca.gov,Female,Long Hồ,20/06/2024,negative,,positive,
243,Binny Adlam,badlam6q@vk.com,Female,,23/02/2025,positive,positive,negative,positive
244,Antonia Hext,ahext6r@samsung.com,Female,Dolna Banjica,28/10/2024,positive,positive,negative,negative
245,Philbert Foggo,pfoggo6s@qq.com,Male,,26/06/2024,negative,,positive,negative
246,Brigitta Bautiste,bbautiste6t@ezinearticles.com,Female,,02/04/2024,positive,,negative,negative
247,Dwayne Ferrero,dferrero6u@admin.ch,Male,Yangxipu,29/11/2023,negative,negative,,negative
248,Kessia Jaycocks,kjaycocks6v@weebly.com,Female,Nawābganj,22/09/2024,negative,negative,positive,negative
249,Fran Fryett,ffryett6w@gnu.org,Male,Navatat,12/03/2025,,positive,,
250,Brittani Parysowna,bparysowna6x@wsj.com,Female,Cimo de Vila,22/10/2024,positive,positive,positive,
251,Rad Sprosson,rsprosson6y@dyndns.org,Male,Jobabo,14/02/2024,positive,negative,positive,
252,Bo Shannon,bshannon6z@japanpost.jp,Male,Huamachuco,22/01/2024,negative,positive,positive,negative
253,Hermon Gerleit,hgerleit70@guardian.co.uk,Male,Bailianhe,08/04/2024,negative,positive,positive,
254,Braden Zeal,bzeal71@nationalgeographic.com,Male,,28/06/2024,negative,positive,positive,
255,Arlee Fidal,afidal72@google.nl,Female,Ayacucho,21/06/2024,,negative,negative,
256,Burr Sowten,bsowten73@imgur.com,Male,,04/05/2024,positive,negative,negative,negative
257,Louie Cases,lcases74@phoca.cz,Male,Xucheng,09/01/2024,,negative,positive,positive
258,Eldredge Sotheron,esotheron75@photobucket.com,Male,,09/06/2024,negative,positive,positive,negative
259,Caspar Sussams,csussams76@biglobe.ne.jp,Male,,09/11/2023,,negative,positive,negative
260,Debora Baswall,dbaswall77@networkadvertising.org,Female,Paccho,18/06/2025,,positive,positive,positive
261,Boigie Liepins,bliepins78@dedecms.com,Male,,14/01/2025,negative,negative,negative,
262,Linnea Kuhlen,lkuhlen79@ibm.com,Female,,15/11/2024,negative,positive,negative,positive
263,Reed De Fries,rde7a@edublogs.org,Male,Karuk,03/10/2024,positive,positive,negative,
264,Salim Alders,salders7b@jigsy.com,Male,Suodenniemi,10/12/2023,negative,positive,negative,positive
265,Alexa Bestwall,abestwall7c@stanford.edu,Female,,08/01/2024,negative,,positive,
266,Abbie Garthland,agarthland7d@ted.com,Female,Baolong,18/03/2025,negative,,negative,
267,Wally Balshaw,wbalshaw7e@blog.com,Female,,19/11/2024,negative,,,
268,Fred Tobias,ftobias7f@weibo.com,Male,Österbybruk,23/03/2025,negative,,positive,
269,Barnard McCard,bmccard7g@google.co.jp,Male,Beisijiazi,25/06/2024,positive,positive,positive,
270,Amity Sibthorp,asibthorp7h@dmoz.org,Female,Platičevo,19/02/2024,,positive,positive,positive
271,Hartley Mellonby,hmellonby7i@unc.edu,Male,,07/09/2024,negative,negative,,
272,Alyson Godwyn,agodwyn7j@google.ru,Female,Calauan,02/02/2025,positive,positive,positive,negative
273,Theressa Harnwell,tharnwell7k@blogs.com,Female,Jinbo,18/03/2025,,positive,positive,positive
274,Marta Casino,mcasino7l@linkedin.com,Female,Admiralteisky,01/05/2025,negative,positive,,positive
275,Derek Sloley,dsloley7m@shutterfly.com,Male,Roriz,06/06/2025,negative,negative,negative,
276,Hannie Dupey,hdupey7n@whitehouse.gov,Female,Oslo,11/08/2024,,positive,positive,
277,Melody Swyer-Sexey,mswyersexey7o@ask.com,Female,Kubang,04/12/2023,,positive,,
278,Ann-marie Dudeney,adudeney7p@ebay.co.uk,Female,,21/03/2025,,,,positive
279,Stormi Tripett,stripett7q@wp.com,Female,,18/04/2025,,negative,,positive
280,Denny Silk,dsilk7r@latimes.com,Female,,23/03/2025,negative,positive,negative,
281,Vallie Bendley,vbendley7s@tinypic.com,Female,Kez,03/11/2024,positive,negative,negative,negative
282,Fallon Fraulo,ffraulo7t@infoseek.co.jp,Female,Pindi Bhattiān,15/06/2024,,positive,negative,
283,Smith Hadaway,shadaway7u@salon.com,Male,Pingshan,24/11/2024,negative,negative,,
284,Reece Damiral,rdamiral7v@goodreads.com,Male,,21/03/2024,negative,positive,,positive
285,Oates Snooks,osnooks7w@dell.com,Male,,30/07/2024,,,,
286,Kathryn Gannon,kgannon7x@rambler.ru,Female,Youlan,14/04/2025,positive,negative,negative,positive
287,Rochester FitzGibbon,rfitzgibbon7y@ameblo.jp,Male,Lidingö,10/11/2024,positive,negative,negative,positive
288,Ardyth Speachley,aspeachley7z@google.co.jp,Agender,Baiyin,31/07/2024,positive,,,negative
289,Huey Gailor,hgailor80@netlog.com,Male,Hinigaran,12/10/2024,negative,negative,positive,
290,Dare Walne,dwalne81@yahoo.com,Male,,14/04/2025,,positive,negative,
291,Bibby Pratchett,bpratchett82@devhub.com,Female,Jishui,19/02/2025,negative,positive,,negative
292,Jarrid De Laci,jde83@webeden.co.uk,Male,Själevad,16/12/2023,negative,,negative,positive
293,Thadeus Gluyus,tgluyus84@unc.edu,Male,Tabonok,08/10/2024,positive,,positive,positive
294,Elihu Glencros,eglencros85@macromedia.com,Male,,15/12/2023,positive,positive,negative,negative
295,Pattie Manna,pmanna86@nyu.edu,Male,Pasirbitung,22/11/2024,,negative,positive,positive
296,Carilyn MacCafferty,cmaccafferty87@fema.gov,Female,,25/01/2025,negative,positive,positive,positive
297,Zackariah Treven,ztreven88@sphinn.com,Male,Đình Lập,30/03/2025,negative,negative,negative,positive
298,Lorens Hubbock,lhubbock89@reddit.com,Male,,01/09/2024,negative,negative,,positive
299,Steward Scantleberry,sscantleberry8a@nymag.com,Male,Dian-ay,15/03/2024,,,positive,
300,Jess Echlin,jechlin8b@thetimes.co.uk,Male,,27/03/2024,,,negative,negative
301,Jethro Souten,jsouten8c@oaic.gov.au,Male,Krajan Kidul Rojopolo,05/03/2025,positive,negative,negative,negative
302,Mikol Arguile,marguile8d@furl.net,Male,Anilao,28/02/2024,,,positive,positive
303,Aliza Maylam,amaylam8e@miitbeian.gov.cn,Female,Francisco I Madero,29/11/2024,positive,,negative,positive
304,Killian Coursor,kcoursor8f@reverbnation.com,Male,Pursat,27/05/2025,positive,positive,,negative
305,Celine Ettery,cettery8g@ed.gov,Female,Muesanaik,01/08/2024,negative,positive,,positive
306,Kyrstin Elnaugh,kelnaugh8h@live.com,Genderfluid,Jansenville,25/05/2024,,positive,,negative
307,Monte Bridgewater,mbridgewater8i@stumbleupon.com,Male,,17/03/2024,,positive,negative,positive
308,Zia Peto,zpeto8j@miitbeian.gov.cn,Female,Pinheiro,20/12/2024,negative,negative,positive,positive
309,Erminia Romeo,eromeo8k@tripod.com,Female,Cravo Norte,16/01/2024,positive,negative,positive,positive
310,Aile Pawelec,apawelec8l@51.la,Female,Sumberkenanga,15/10/2024,negative,positive,,negative
311,Mendy Veall,mveall8m@flickr.com,Male,Minzheng,26/03/2024,negative,,,negative
312,Baird Tremmil,btremmil8n@uiuc.edu,Male,Usuki,28/01/2024,,positive,negative,
313,Sam Grahlman,sgrahlman8o@bluehost.com,Female,Tashkent,12/04/2024,positive,,negative,negative
314,Baxter Rheaume,brheaume8p@msu.edu,Male,Stylída,06/06/2024,,negative,positive,positive
315,Kesley Scardifeild,kscardifeild8q@purevolume.com,Female,,29/01/2024,negative,negative,positive,negative
316,Brigham Bendell,bbendell8r@topsy.com,Male,Kesha,17/05/2025,,negative,positive,
317,Jerrome Abrahamovitz,jabrahamovitz8s@gmpg.org,Male,Mbanza Congo,20/03/2024,positive,positive,negative,
318,Markos Slingsby,mslingsby8t@wordpress.com,Male,Volkhovskiy,20/09/2024,negative,negative,,negative
319,Barrie De Cleyne,bde8u@seattletimes.com,Female,,26/12/2024,positive,positive,negative,positive
320,Pavel Reppaport,preppaport8v@miitbeian.gov.cn,Male,Gwoźnica Górna,22/03/2024,,negative,positive,positive
321,Addy O'Dea,aodea8w@hostgator.com,Male,Bei’an,03/05/2024,negative,negative,positive,positive
322,Erda Lowis,elowis8x@barnesandnoble.com,Female,Lom Sak,08/01/2024,negative,negative,positive,
323,Hilliard Dinsale,hdinsale8y@booking.com,Male,Gogosuket,29/11/2023,,negative,negative,negative
324,Ludovico Saunderson,lsaunderson8z@booking.com,Male,London,18/08/2024,negative,negative,negative,negative
325,Lauree Pykett,lpykett90@naver.com,Bigender,San Salvador de Jujuy,10/05/2025,negative,positive,positive,
326,Mabel Silverman,msilverman91@unicef.org,Female,,22/03/2025,positive,positive,positive,negative
327,Doreen Savins,dsavins92@mysql.com,Female,Songhae,04/06/2025,,negative,negative,
328,Othella Stowell,ostowell93@cafepress.com,Polygender,,05/04/2025,,,,
329,Amity Brea,abrea94@ocn.ne.jp,Female,,13/11/2023,negative,positive,negative,negative
330,Nathanial Lowrance,nlowrance95@tinypic.com,Male,Češinovo,25/06/2025,,,positive,negative
331,Tony Tanton,ttanton96@nba.com,Male,Béziers,21/12/2023,positive,,negative,
332,Alex Heis,aheis97@chron.com,Male,Mehrābpur,06/03/2024,positive,positive,,positive
333,Jodie Fern,jfern98@networkadvertising.org,Polygender,,27/12/2023,positive,positive,positive,negative
334,Guendolen Yantsev,gyantsev99@google.fr,Female,Pasirmalang,29/10/2024,,positive,negative,negative
335,Monah Edgeler,medgeler9a@berkeley.edu,Female,Roskoshnyy,20/12/2024,negative,negative,positive,negative
336,Iggie Busst,ibusst9b@livejournal.com,Non-binary,Nueva Vida Sur,15/03/2024,positive,negative,positive,
337,Damian Helkin,dhelkin9c@instagram.com,Agender,,04/10/2024,negative,positive,negative,positive
338,Patty Rigolle,prigolle9d@fda.gov,Female,,22/01/2025,,negative,positive,negative
339,Durant Spyby,dspyby9e@studiopress.com,Male,,31/03/2025,negative,positive,,negative
340,Shelby Toler,stoler9f@t-online.de,Male,Iwakuni,19/07/2024,positive,positive,negative,
341,Etty Yemm,eyemm9g@kickstarter.com,Female,Cao Thượng,15/10/2024,,positive,positive,negative
342,Karisa Mountney,kmountney9h@narod.ru,Female,Créteil,15/07/2024,,positive,positive,
343,Mahmoud Giorio,mgiorio9i@go.com,Non-binary,,04/01/2024,,negative,positive,negative
344,Jasmina O'Corrigane,jocorrigane9j@w3.org,Female,Paterson,13/05/2024,positive,,negative,negative
345,Leticia Marvelley,lmarvelley9k@odnoklassniki.ru,Female,,23/04/2024,positive,positive,negative,negative
346,Malvin Dinsell,mdinsell9l@princeton.edu,Male,,14/01/2024,positive,negative,negative,negative
347,Dominic Redman,dredman9m@amazon.co.jp,Male,Rizal,12/12/2023,,,,negative
348,Klarrisa Mallall,kmallall9n@nifty.com,Female,Sidayu,10/01/2024,negative,negative,negative,negative
349,Francyne Gosling,fgosling9o@moonfruit.com,Female,Boca Suno,07/09/2024,,negative,positive,positive
350,Ravi Abarough,rabarough9p@seattletimes.com,Male,Ehu,26/05/2025,,positive,,positive
351,Dunc Padden,dpadden9q@smugmug.com,Male,Kizel,01/07/2024,,positive,negative,
352,Jeramie Kinnane,jkinnane9r@sina.com.cn,Male,Granada,12/10/2024,,positive,,negative
353,Brook Waren,bwaren9s@vkontakte.ru,Female,,11/12/2024,positive,positive,negative,positive
354,Suzy O'Dwyer,sodwyer9t@aboutads.info,Female,,05/04/2024,positive,positive,negative,
355,Claire Meddemmen,cmeddemmen9u@a8.net,Female,Taroudant,22/02/2025,negative,positive,positive,
356,Dana Fessier,dfessier9v@google.de,Male,Cibuah,11/12/2024,negative,,negative,
357,Ned Langthorne,nlangthorne9w@businessweek.com,Male,Ezhou,12/02/2025,,positive,negative,positive
358,Sutherland Dowrey,sdowrey9x@weebly.com,Male,,25/03/2025,negative,negative,,negative
359,Terrence Labro,tlabro9y@japanpost.jp,Male,Galapa,03/02/2025,positive,negative,negative,positive
360,Kimmy De Simone,kde9z@marriott.com,Female,Saba Yoi,17/04/2025,,negative,negative,negative
361,Ivy Rebillard,irebillarda0@webeden.co.uk,Female,,29/03/2025,negative,positive,,negative
362,Ulric Borrow,uborrowa1@slideshare.net,Male,Springfield,16/12/2023,positive,positive,positive,negative
363,Brew Fardy,bfardya2@google.es,Male,,20/06/2025,positive,positive,negative,
364,Brad Boxhill,bboxhilla3@wikispaces.com,Male,,08/06/2025,positive,negative,positive,positive
365,Dolph Shepherd,dshepherda4@sbwire.com,Male,Mafang,18/02/2024,negative,,negative,positive
366,Jodi Caustick,jcausticka5@friendfeed.com,Male,Kristiansand S,24/01/2025,positive,negative,,
367,Megan Mullender,mmullendera6@geocities.com,Female,,14/05/2024,negative,,,
368,Rolland Walder,rwaldera7@surveymonkey.com,Male,Labao,11/11/2023,positive,negative,negative,positive
369,Rutter Plaskitt,rplaskitta8@boston.com,Male,Huayan,28/05/2024,,positive,positive,positive
370,Moira Blackboro,mblackboroa9@google.com,Female,,04/02/2025,positive,,positive,
371,Stanly Loadman,sloadmanaa@addthis.com,Male,,18/05/2024,,negative,positive,negative
372,Boothe Maxwaile,bmaxwaileab@hugedomains.com,Male,Sabugueiro,25/08/2024,positive,negative,negative,
373,Jania Hane,jhaneac@ted.com,Female,Marija Bistrica,02/01/2025,,negative,positive,negative
374,Mikey Dibden,mdibdenad@macromedia.com,Male,,10/05/2024,positive,negative,,positive
375,Hermia Kenzie,hkenzieae@bizjournals.com,Female,Wugui,09/03/2024,,positive,positive,
376,Joshuah Tunstall,jtunstallaf@mysql.com,Male,Girihieum,07/05/2025,positive,positive,,negative
377,Murray Halms,mhalmsag@shareasale.com,Male,,21/11/2024,negative,positive,positive,negative
378,Jackson Northage,jnorthageah@shinystat.com,Male,,28/08/2024,,,negative,negative
379,Liliane Legges,lleggesai@ihg.com,Female,Hongyuan,17/10/2024,negative,positive,,positive
380,Lacy Elflain,lelflainaj@seesaa.net,Female,Zagórów,27/04/2025,,negative,negative,
381,Bax Ellershaw,bellershawak@hugedomains.com,Male,,29/11/2024,,,negative,positive
382,Ardelle Dregan,adreganal@blogspot.com,Female,,10/08/2024,,negative,positive,
383,Brooke Clewlow,bclewlowam@tiny.cc,Female,Orda,17/04/2025,,positive,positive,
384,Deana Eakens,deakensan@reference.com,Non-binary,Quebradas,09/04/2025,,negative,positive,
385,Annalise Erat,aeratao@rediff.com,Female,,26/01/2024,negative,negative,negative,
386,Kizzee Huckerby,khuckerbyap@quantcast.com,Polygender,,25/01/2025,negative,negative,positive,positive
387,Elva Morfield,emorfieldaq@etsy.com,Female,Lidköping,05/01/2024,positive,,positive,positive
388,Vin Grayer,vgrayerar@alibaba.com,Female,,11/10/2024,negative,negative,negative,
389,Loni Rathe,lratheas@shutterfly.com,Genderfluid,Morales,05/03/2024,positive,negative,negative,
390,Urbano Gibbe,ugibbeat@delicious.com,Male,,20/12/2023,positive,positive,,negative
391,Rriocard Pulsford,rpulsfordau@homestead.com,Male,Tsévié,24/01/2024,positive,negative,positive,
392,Bradley Sterman,bstermanav@bigcartel.com,Male,Mocímboa,15/01/2025,negative,negative,positive,
393,Wilmar Antusch,wantuschaw@wsj.com,Male,,06/11/2023,positive,positive,,positive
394,Rosalind Cumpton,rcumptonax@ucoz.ru,Female,Runjin,02/09/2024,negative,positive,positive,
395,Audi Pennetta,apennettaay@canalblog.com,Female,Mikhaylovskoye,05/06/2025,positive,positive,,negative
396,Adelaide Paulitschke,apaulitschkeaz@joomla.org,Female,San Bartolomé Milpas Altas,18/05/2024,positive,positive,positive,
397,Ceciley Clewarth,cclewarthb0@ycombinator.com,Agender,Lusong,11/11/2023,,,positive,
398,Rickey Emby,rembyb1@odnoklassniki.ru,Male,Silveiros,18/03/2025,negative,negative,negative,negative
399,Shelba Mee,smeeb2@icio.us,Female,Bobigny,25/06/2024,,,positive,negative
400,Colas Driussi,cdriussib3@mysql.com,Male,Lipnica,28/11/2023,negative,,positive,negative
401,Darryl Kilmary,dkilmaryb4@ft.com,Female,Kerkrade,27/10/2024,,negative,negative,
402,Kane Duchant,kduchantb5@typepad.com,Male,Gali,30/07/2024,negative,,negative,
403,Ernest Ahearne,eahearneb6@pbs.org,Male,Alacaygan,09/06/2025,,positive,negative,positive
404,Desiree Ogelsby,dogelsbyb7@un.org,Female,Neepawa,16/05/2025,positive,positive,negative,negative
405,Charlotte Lorent,clorentb8@cdbaby.com,Female,,25/12/2023,negative,positive,positive,negative
406,Norby McCudden,nmccuddenb9@hao123.com,Male,Lensk,11/12/2023,negative,positive,positive,negative
407,Langsdon Kibbee,lkibbeeba@wisc.edu,Male,Degan,20/07/2024,negative,negative,positive,positive
408,Claresta Hallward,challwardbb@unc.edu,Female,Shengtang,07/02/2024,negative,positive,negative,
409,Berkley Ibotson,bibotsonbc@dell.com,Male,,29/11/2023,,,positive,
410,Stearne Brattell,sbrattellbd@360.cn,Male,Velyka Oleksandrivka,02/01/2025,,negative,positive,positive
411,Juliette Cowe,jcowebe@time.com,Female,Taksimo,17/01/2024,positive,positive,,negative
412,Dinah Ashborne,dashbornebf@ovh.net,Polygender,Jianfeng,28/11/2023,,,,positive
413,Koenraad Alpine,kalpinebg@fotki.com,Male,,11/01/2025,positive,positive,,
414,Nevile Clappison,nclappisonbh@t.co,Male,,07/12/2023,negative,,,positive
415,Ardelis Dufaur,adufaurbi@businessweek.com,Female,Yuncao,03/04/2024,positive,negative,negative,
416,Leslie Wadham,lwadhambj@bbc.co.uk,Agender,Zhanghua,09/04/2025,,positive,,negative
417,Tresa Leaney,tleaneybk@deviantart.com,Female,Kotel’niki,20/05/2025,,negative,positive,
418,Mohammed MacNalley,mmacnalleybl@cdbaby.com,Male,Čair,21/04/2024,positive,,positive,positive
419,Lutero Camilleri,lcamilleribm@sitemeter.com,Male,Murree,10/01/2025,positive,positive,negative,
420,Cointon Begg,cbeggbn@shareasale.com,Male,Marcara,29/12/2024,positive,,negative,negative
421,Paulette De la Eglise,pdebo@wp.com,Female,Tapan,02/12/2023,,negative,positive,negative
422,Dee Wooddisse,dwooddissebp@posterous.com,Female,Renko,14/09/2024,negative,positive,,negative
423,Etta Lowre,elowrebq@tinypic.com,Female,Benito Juarez,17/04/2025,negative,negative,positive,negative
424,Eada Pendall,ependallbr@prweb.com,Female,Metahāra,12/02/2024,,negative,negative,negative
425,Abrahan Dils,adilsbs@desdev.cn,Male,,29/01/2025,positive,,negative,
426,Kristofor Madgewick,kmadgewickbt@howstuffworks.com,Male,Bastos,21/01/2024,negative,negative,negative,negative
427,Gasper Wrathall,gwrathallbu@ftc.gov,Male,,26/06/2025,negative,,negative,positive
428,Vance Besse,vbessebv@latimes.com,Male,,26/06/2025,,positive,positive,positive
429,Ebonee Brockie,ebrockiebw@mapy.cz,Female,Nice,21/06/2024,,positive,positive,
430,Dorolice McGrae,dmcgraebx@adobe.com,Female,Lewoluo,13/09/2024,positive,,negative,positive
431,Ange Settle,asettleby@mashable.com,Male,Pentéli,17/02/2024,,positive,positive,
432,Margarete Dondon,mdondonbz@tumblr.com,Female,Rennes,18/05/2025,,negative,positive,negative
433,Britt Nesey,bneseyc0@dagondesign.com,Female,,18/09/2024,,negative,negative,positive
434,Anet Rosenfrucht,arosenfruchtc1@dagondesign.com,Female,La Talaudière,10/05/2025,negative,,negative,negative
435,Michell Binks,mbinksc2@privacy.gov.au,Female,,07/10/2024,positive,positive,,
436,Lilah O'Hickee,lohickeec3@google.co.jp,Female,Ivanec,16/02/2024,positive,,negative,negative
437,Jock Franckton,jfrancktonc4@hubpages.com,Male,,04/05/2024,,negative,negative,negative
438,Concordia Sheran,csheranc5@ameblo.jp,Female,Belo Blato,18/08/2024,negative,negative,positive,
439,Annmarie Vayne,avaynec6@fastcompany.com,Female,,05/12/2023,positive,positive,,positive
440,Greggory Kimblin,gkimblinc7@bandcamp.com,Male,Gununglarang,09/05/2024,positive,positive,negative,positive
441,Brody Reeve,breevec8@ovh.net,Male,,19/03/2024,positive,negative,,
442,Lazaro Trass,ltrassc9@blogs.com,Male,,17/10/2024,positive,positive,positive,
443,Sophi Thwaite,sthwaiteca@tripadvisor.com,Female,Červenka,09/04/2024,,positive,negative,
444,Jerome Toppes,jtoppescb@amazon.de,Male,Shangshaleng,24/01/2025,positive,negative,,negative
445,Worden Money,wmoneycc@canalblog.com,Male,,28/08/2024,positive,negative,negative,negative
446,Mahala Handrek,mhandrekcd@jiathis.com,Female,Aubenas,24/01/2024,negative,negative,,negative
447,Francesca Zelland,fzellandce@imageshack.us,Female,,09/02/2024,negative,positive,negative,positive
448,Caspar Trumble,ctrumblecf@diigo.com,Male,,28/08/2024,,negative,positive,positive
449,Levy Fallowes,lfallowescg@state.gov,Male,Bayshint,19/11/2024,positive,positive,positive,negative
450,Tabina Keable,tkeablech@nba.com,Female,Stockholm,11/04/2025,,positive,negative,positive
451,Coleman Mimmack,cmimmackci@redcross.org,Male,Gorzyczki,17/11/2023,positive,negative,positive,positive
452,Jedidiah Clunie,jcluniecj@hatena.ne.jp,Genderfluid,Fort Liberté,02/08/2024,positive,positive,,
453,Trev Ashbe,tashbeck@cdc.gov,Male,Sumaré,13/12/2024,positive,negative,positive,negative
454,Kiri Droogan,kdroogancl@yellowpages.com,Female,Huangyang,25/03/2024,positive,negative,,positive
455,Rustie Camoletto,rcamolettocm@craigslist.org,Male,Castilla,06/12/2023,,negative,,
456,Bruno Cockayne,bcockaynecn@dyndns.org,Male,,21/02/2024,positive,positive,,negative
457,Rosalynd Deeming,rdeemingco@nps.gov,Female,T’et’ri Tsqaro,19/04/2024,,negative,,negative
458,Burk Felipe,bfelipecp@example.com,Male,Examília,27/07/2024,positive,negative,positive,positive
459,Jarad Saddler,jsaddlercq@google.com.au,Male,Lazaro Cardenas,21/03/2025,,positive,,
460,Beauregard Greveson,bgrevesoncr@alexa.com,Genderfluid,,04/12/2024,negative,,,negative
461,Perle Rushsorth,prushsorthcs@senate.gov,Female,Mbale,14/11/2024,negative,positive,negative,
462,Skipp Frankum,sfrankumct@ycombinator.com,Male,Kelaniya,19/03/2024,negative,positive,,negative
463,Tristan Start,tstartcu@flavors.me,Male,San Fernando,02/03/2025,,,positive,
464,Hyman Beevors,hbeevorscv@issuu.com,Male,,03/12/2023,negative,positive,negative,
465,Theresina Goldup,tgoldupcw@dyndns.org,Female,Brka,03/09/2024,negative,negative,,negative
466,Biddie De Carlo,bdecx@i2i.jp,Female,Naga,11/08/2024,negative,positive,negative,
467,Roseline Dilger,rdilgercy@ifeng.com,Female,Napuro,13/04/2025,negative,,,negative
468,Carney Badrock,cbadrockcz@ucla.edu,Male,Tarbes,04/04/2025,,,,positive
469,Stevie Swiggs,sswiggsd0@jalbum.net,Male,Aleksandrovskiy Zavod,11/02/2025,positive,negative,,negative
470,Abbe Privett,aprivettd1@printfriendly.com,Female,,11/04/2025,negative,positive,positive,
471,Fawnia Poveleye,fpoveleyed2@chron.com,Female,,09/07/2024,negative,positive,positive,negative
472,Thorvald de Juares,tded3@unesco.org,Male,Julun,19/11/2023,positive,negative,,negative
473,Ninetta Libbe,nlibbed4@merriam-webster.com,Female,,10/03/2024,,positive,positive,positive
474,Merrill Bedenham,mbedenhamd5@chicagotribune.com,Male,Al Qadmūs,22/07/2024,positive,,positive,positive
475,Helen Dand,hdandd6@gmpg.org,Female,Stockholm,26/06/2024,positive,negative,negative,positive
476,Nannette Chazelle,nchazelled7@twitter.com,Female,Kuliyapitiya,19/06/2025,positive,positive,positive,
477,Eleanore Olliff,eolliffd8@canalblog.com,Female,Darya Boyi,14/12/2023,,,positive,positive
478,Barde Ricco,briccod9@columbia.edu,Male,,19/02/2024,negative,negative,positive,negative
479,Avivah Breckwell,abreckwellda@nature.com,Female,Dabai,21/02/2025,,,negative,positive
480,Shane Burgan,sburgandb@spotify.com,Female,,30/01/2025,positive,,positive,positive
481,Hi Becerro,hbecerrodc@pcworld.com,Male,,27/03/2025,negative,positive,positive,negative
482,Cosette Loidl,cloidldd@yale.edu,Female,,28/01/2024,positive,,,positive
483,Aguste Haste,ahastede@narod.ru,Male,Xinyu,17/11/2023,,positive,negative,
484,Sile Moscrop,smoscropdf@sogou.com,Female,Agenebode,22/11/2024,negative,,,positive
485,Agna Devonshire,adevonshiredg@imgur.com,Female,Bendorubuh,14/02/2024,,negative,,positive
486,Corenda MacCostye,cmaccostyedh@kickstarter.com,Female,,06/06/2025,positive,negative,positive,negative
487,Veronika Heinzel,vheinzeldi@weebly.com,Agender,Krouna,07/06/2024,,negative,,negative
488,Clemmie Tarry,ctarrydj@xrea.com,Female,,14/03/2024,negative,,negative,positive
489,Lisle Mellem,lmellemdk@reference.com,Male,,16/06/2024,,,positive,negative
490,Lin Verdon,lverdondl@topsy.com,Female,San Martín,17/11/2023,positive,,positive,
491,Andre Tuck,atuckdm@patch.com,Male,,14/06/2025,negative,negative,positive,negative
492,Dareen Kalewe,dkalewedn@dagondesign.com,Female,Gnojnica,24/11/2024,,,negative,
493,Kori Dreini,kdreinido@reference.com,Bigender,,18/09/2024,,,negative,negative
494,Kalila Hiscoke,khiscokedp@stumbleupon.com,Female,Imaan,15/09/2024,,,negative,negative
495,Darius Nossent,dnossentdq@networkadvertising.org,Male,Viljakkala,27/04/2025,negative,,positive,
496,Marcille Guiraud,mguirauddr@fema.gov,Female,Miłakowo,04/04/2025,negative,positive,negative,
497,Leigh Bister,lbisterds@ft.com,Female,,19/06/2024,positive,,positive,negative
498,Roy Kalker,rkalkerdt@cbc.ca,Bigender,,22/09/2024,positive,negative,positive,
499,Vivyanne Lansley,vlansleydu@weibo.com,Female,Plumbon,08/08/2024,positive,positive,,positive
500,Von Heephy,vheephydv@prnewswire.com,Male,,26/01/2025,positive,positive,positive,negative
501,Harrison Kimbrey,hkimbreydw@fda.gov,Male,Kogon,05/08/2024,,,negative,negative
502,Joanie Lillo,jlillodx@pbs.org,Female,Kiupo,17/01/2025,,negative,,
503,Linoel Broxis,lbroxisdy@tamu.edu,Male,Malin,02/03/2024,positive,positive,negative,
504,Lewie Dupre,ldupredz@qq.com,Male,Guaíra,17/01/2024,positive,negative,positive,
505,Charlton Bass,cbasse0@eventbrite.com,Male,Usman’,20/04/2024,,positive,positive,
506,Douglass Andrus,dandruse1@ox.ac.uk,Male,Butembo,22/04/2024,,positive,,negative
507,Frederique Sherbrook,fsherbrooke2@hhs.gov,Female,Baiyan,30/08/2024,positive,,negative,negative
508,Jackie Rosenschein,jrosenscheine3@mozilla.org,Male,Verkhniy Avzyan,01/04/2025,negative,positive,,negative
509,Germaine Calvey,gcalveye4@cnbc.com,Female,North Shore,16/11/2024,negative,positive,negative,positive
510,Imogen Buncher,ibunchere5@clickbank.net,Polygender,Tembeling,15/11/2023,,positive,negative,negative
511,Carline Chattoe,cchattoee6@elegantthemes.com,Female,Lubień Kujawski,23/02/2025,negative,,,positive
512,Aleksandr Juett,ajuette7@goo.ne.jp,Male,Stockholm,08/01/2024,negative,positive,,negative
513,Kissie Truss,ktrusse8@posterous.com,Female,Bộc Bố,20/07/2024,,,,negative
514,Vance Wherton,vwhertone9@nih.gov,Male,Hecheng,14/06/2025,positive,negative,negative,negative
515,Peirce Gow,pgowea@vkontakte.ru,Non-binary,Xishan,02/07/2024,,positive,negative,positive
516,Abbot Sherlaw,asherlaweb@usatoday.com,Male,Taihu,29/10/2024,negative,,positive,negative
517,Bridie Sheaber,bsheaberec@is.gd,Female,,18/06/2025,positive,positive,positive,
518,Erick Shadbolt,eshadbolted@de.vu,Male,Drenova,06/01/2024,positive,negative,,positive
519,Kessiah Witcher,kwitcheree@usatoday.com,Female,Yongchuan,09/01/2024,,positive,,negative
520,Winonah Sinott,wsinottef@google.nl,Female,,23/01/2024,,,positive,
521,Lucine Smithyman,lsmithymaneg@netlog.com,Female,Messina,20/05/2025,negative,negative,positive,positive
522,Othelia Bullocke,obullockeeh@dropbox.com,Female,,26/03/2024,,,,
523,Abbye Pashler,apashlerei@drupal.org,Female,Nieuwegein,03/04/2025,,positive,negative,
524,Marcelo Feldbrin,mfeldbrinej@kickstarter.com,Male,Kafr Şaqr,18/06/2024,positive,positive,negative,positive
525,Etta Pitone,epitoneek@independent.co.uk,Female,Eha Amufu,05/06/2025,negative,negative,negative,positive
526,Madelyn Breadmore,mbreadmoreel@wix.com,Female,Mafraq,14/01/2025,negative,,positive,negative
527,Arabele Acaster,aacasterem@opera.com,Female,Savonlinna,20/01/2024,,,negative,negative
528,Andrus Greatbatch,agreatbatchen@vinaora.com,Male,Kvasy,21/06/2024,,positive,negative,positive
529,Muire Allchorn,mallchorneo@shop-pro.jp,Female,Pangkalanbunut,22/06/2025,,negative,,
530,Angus Awton,aawtonep@t-online.de,Male,,29/05/2025,positive,,negative,negative
531,Emilio Linfoot,elinfooteq@a8.net,Male,Chinú,13/01/2025,negative,,positive,positive
532,Andrei Petkens,apetkenser@google.com,Female,,18/02/2024,negative,positive,positive,positive
533,Delmor Selman,dselmanes@smugmug.com,Male,,27/02/2025,,negative,positive,positive
534,Dallis Iglesia,diglesiaet@liveinternet.ru,Male,Tovačov,08/09/2024,positive,,negative,positive
535,Schuyler D'eye,sdeyeeu@weibo.com,Male,,01/06/2024,positive,negative,negative,negative
536,Ernst Trevers,etreversev@pinterest.com,Male,Colorado Springs,30/08/2024,,positive,negative,negative
537,Olenka Sheber,osheberew@cpanel.net,Female,Taunan,06/02/2025,negative,positive,positive,
538,Fair Cancelier,fcancelierex@cdbaby.com,Male,Vilque,05/09/2024,negative,,positive,positive
539,Illa Mackieson,imackiesoney@slashdot.org,Non-binary,Selaawi,28/03/2025,,,positive,
540,Coreen Vice,cviceez@dedecms.com,Female,Malakwāl,13/12/2023,,positive,,positive
541,Burlie Oret,boretf0@tinypic.com,Male,,26/06/2025,,negative,,positive
542,Bevan Scala,bscalaf1@gnu.org,Male,Malangabang,26/04/2024,negative,positive,,positive
543,Elaina Shitliffe,eshitliffef2@g.co,Female,Kajuru,04/06/2025,,negative,negative,
544,Margareta Ciccottini,mciccottinif3@hibu.com,Female,,06/11/2023,positive,positive,positive,
545,Alica Tollady,atolladyf4@google.com.br,Female,Sacramento,13/03/2024,negative,,,negative
546,Ruddie Peer,rpeerf5@wsj.com,Genderfluid,Ape,18/10/2024,,positive,,positive
547,Sascha Zamboniari,szamboniarif6@blog.com,Male,Huaniao,06/09/2024,negative,,positive,positive
548,Cart Garland,cgarlandf7@wordpress.com,Male,Tanout,09/04/2024,,negative,,
549,Ilyssa Vass,ivassf8@studiopress.com,Female,Sanguanzhai,19/02/2024,,positive,,positive
550,Angelique Roxby,aroxbyf9@jalbum.net,Female,Wonda,28/03/2024,negative,,,positive
551,Briney Wearing,bwearingfa@jugem.jp,Female,Hexi,27/02/2025,,positive,,negative
552,Edie Oventon,eoventonfb@nymag.com,Female,,20/12/2024,negative,negative,,
553,Frants Goodbairn,fgoodbairnfc@dedecms.com,Non-binary,,11/05/2024,,negative,,
554,Asia Feather,afeatherfd@themeforest.net,Female,Tanout,23/04/2025,negative,,negative,
555,Kellyann Flegg,kfleggfe@paginegialle.it,Female,Kyzylorda,12/07/2024,positive,,negative,negative
556,Wendi Canning,wcanningff@cmu.edu,Female,Čortanovci,05/12/2024,positive,negative,negative,negative
557,Rafa Bathoe,rbathoefg@cnn.com,Female,Buluangan,12/06/2025,,positive,negative,negative
558,Fifine O'Dowling,fodowlingfh@bigcartel.com,Bigender,,17/09/2024,positive,positive,negative,
559,Emmott Pymer,epymerfi@drupal.org,Male,Sertãozinho,25/07/2024,negative,positive,positive,
560,Farrand Jouning,fjouningfj@goodreads.com,Female,Kaczory,16/11/2024,positive,,positive,positive
561,Gerhardine Eustanch,geustanchfk@phoca.cz,Female,Épinal,06/10/2024,,,negative,
562,Hewet Hancke,hhanckefl@themeforest.net,Male,,22/05/2025,negative,negative,,positive
563,Beatrice Beazleigh,bbeazleighfm@g.co,Female,Zavoronezhskoye,26/02/2025,,positive,,negative
564,Ursuline Hatch,uhatchfn@xrea.com,Female,Gbarnga,05/03/2024,positive,negative,positive,
565,Annette Crunkhorn,acrunkhornfo@google.com.br,Female,Isfara,04/01/2025,negative,,negative,
566,Koenraad Hallaways,khallawaysfp@fema.gov,Male,,12/01/2024,positive,positive,positive,positive
567,Tedd Roche,trochefq@hp.com,Male,,27/03/2024,negative,positive,negative,
568,Clarence Learmouth,clearmouthfr@si.edu,Male,,21/10/2024,negative,,,negative
569,Margarita Ferrant,mferrantfs@newsvine.com,Female,Shatian,29/12/2024,,negative,negative,negative
570,Pammy Dumingos,pdumingosft@github.io,Female,Nurlat,31/12/2023,,negative,,positive
571,Jarred Vear,jvearfu@toplist.cz,Male,Shaping,28/04/2025,positive,negative,negative,
572,Egon Oldis,eoldisfv@yellowpages.com,Male,Mori,10/07/2024,positive,negative,negative,negative
573,Raffaello Bass,rbassfw@pinterest.com,Male,,16/01/2025,negative,,positive,negative
574,Moise Tregensoe,mtregensoefx@un.org,Male,Arnhem,27/02/2025,positive,,positive,negative
575,Andree Bison,abisonfy@exblog.jp,Female,Basseterre,28/03/2025,positive,positive,negative,negative
576,Hew Guslon,hguslonfz@diigo.com,Male,,18/12/2024,positive,negative,positive,
577,Gigi Bithany,gbithanyg0@abc.net.au,Female,Shanban,20/07/2024,positive,negative,,positive
578,Ramonda Root,rrootg1@bluehost.com,Female,,07/01/2025,negative,positive,,positive
579,Dru Britnell,dbritnellg2@parallels.com,Female,,02/01/2025,positive,,negative,negative
580,Chery Trever,ctreverg3@guardian.co.uk,Female,Zhongluotan,18/07/2024,,positive,positive,positive
581,Malena Titchmarsh,mtitchmarshg4@buzzfeed.com,Female,Iksha,08/03/2024,,positive,negative,positive
582,Ruthi Seaking,rseakingg5@g.co,Female,Kyperoúnta,20/04/2025,positive,positive,,positive
583,Cobb Cahey,ccaheyg6@reuters.com,Male,Biscoitos,25/05/2025,,,negative,positive
584,Felix Nare,fnareg7@reddit.com,Male,Manizales,30/05/2024,positive,positive,negative,positive
585,Wheeler Kearsley,wkearsleyg8@blog.com,Male,Hegarmulya,12/12/2023,negative,,negative,
586,Mallory Naisby,mnaisbyg9@ca.gov,Male,,26/06/2024,negative,,negative,
587,Eldridge Winslett,ewinslettga@homestead.com,Male,,04/08/2024,positive,positive,negative,negative
588,Laird Abbys,labbysgb@tripod.com,Male,Abashiri,16/12/2023,,,,positive
589,Carmon Morot,cmorotgc@microsoft.com,Female,Guidong Chengguanzhen,18/02/2024,negative,,positive,
590,Carissa Victor,cvictorgd@t.co,Female,Shifang,05/12/2024,,positive,,positive
591,Jonell Rammell,jrammellge@github.com,Female,,11/03/2024,,,positive,negative
592,Grazia Dwerryhouse,gdwerryhousegf@hao123.com,Female,San Isidro,14/11/2023,positive,positive,positive,positive
593,Monte Croxley,mcroxleygg@furl.net,Male,,24/04/2024,,positive,negative,negative
594,Ulla Cream,ucreamgh@phpbb.com,Female,,29/03/2024,negative,negative,positive,
595,Marley Moorerud,mmoorerudgi@oakley.com,Female,Buk,04/10/2024,positive,,positive,positive
596,Susan O'Fergus,sofergusgj@fc2.com,Female,Horodnytsya,14/11/2024,positive,positive,,negative
597,Adriano Seegar,aseegargk@senate.gov,Male,Zaječar,30/09/2024,negative,,,
598,Clementina Alsopp,calsoppgl@gravatar.com,Female,Klenje,16/12/2023,negative,,positive,positive
599,Gale Mulqueen,gmulqueengm@symantec.com,Polygender,,25/09/2024,,negative,negative,positive
600,Graham Houseman,ghousemangn@dailymotion.com,Male,Baoyou,07/03/2025,,,negative,
601,Christian Meak,cmeakgo@java.com,Male,Miyoshi,16/12/2023,negative,negative,positive,
602,Zeke Pellew,zpellewgp@google.de,Male,Lambton Shores,24/11/2023,positive,negative,,
603,Domenico Atheis,datheisgq@tripod.com,Male,,08/01/2025,,negative,negative,positive
604,Cale Shrimplin,cshrimplingr@booking.com,Male,Changpo,15/04/2024,positive,,positive,positive
605,Sterling Mitie,smitiegs@technorati.com,Male,,13/02/2025,positive,positive,negative,negative
606,Rinaldo Rawcliff,rrawcliffgt@disqus.com,Male,Bu‘eina,14/04/2024,negative,positive,positive,
607,Idell Vamplus,ivamplusgu@webmd.com,Female,,12/02/2024,positive,negative,positive,negative
608,Katrina Doidge,kdoidgegv@soundcloud.com,Female,,25/02/2024,,,positive,positive
609,Pate Wadley,pwadleygw@smugmug.com,Male,Kristinehamn,06/03/2025,positive,,negative,negative
610,Janenna Zylbermann,jzylbermanngx@indiatimes.com,Female,,14/06/2024,,,positive,negative
611,Gregory Calven,gcalvengy@time.com,Polygender,,23/02/2025,positive,,negative,negative
612,Ev Grigolon,egrigolongz@bandcamp.com,Male,Qelëz,09/07/2024,,,negative,positive
613,Hobart Luppitt,hluppitth0@comsenz.com,Agender,Orion,05/11/2024,,,negative,
614,Sean Oldford,soldfordh1@cpanel.net,Male,Tours,18/12/2023,,negative,,
615,Laurie Swann,lswannh2@woothemes.com,Non-binary,Sihe,12/01/2024,negative,positive,negative,positive
616,Leanora Asplin,lasplinh3@ycombinator.com,Female,Lokuuy,27/07/2024,,positive,positive,negative
617,Mona Hankins,mhankinsh4@sun.com,Polygender,Huangdimiao,14/01/2024,negative,negative,,negative
618,Culley Scramage,cscramageh5@google.it,Male,Xinying,12/06/2025,,,positive,negative
619,Hamid Saynor,hsaynorh6@fc2.com,Male,,14/02/2024,negative,negative,negative,positive
620,Dorey Warlawe,dwarlaweh7@histats.com,Bigender,Saint Louis,26/12/2024,positive,positive,negative,negative
621,Kendall Gabbitus,kgabbitush8@berkeley.edu,Male,,21/03/2025,positive,,negative,
622,Levy Strond,lstrondh9@wordpress.org,Male,Dian-ay,10/11/2023,positive,positive,,negative
623,Marcelo Harse,mharseha@addtoany.com,Male,Chengyang,10/11/2024,,,negative,positive
624,Morly Cowdry,mcowdryhb@guardian.co.uk,Male,La Carlota,05/03/2024,negative,negative,,negative
625,Rozalie Hallford,rhallfordhc@opensource.org,Female,Paris La Défense,03/04/2025,,negative,positive,negative
626,Winnie Tradewell,wtradewellhd@rambler.ru,Male,Banjarsari,21/10/2024,,positive,negative,negative
627,Andra Kingzett,akingzetthe@disqus.com,Female,Meilisi,08/12/2023,,positive,negative,negative
628,Dex Phoenix,dphoenixhf@springer.com,Male,,29/10/2024,positive,positive,positive,positive
629,Phil Wrighton,pwrightonhg@chron.com,Male,,31/01/2025,positive,negative,positive,negative
630,Phoebe Condon,pcondonhh@wired.com,Female,,02/01/2024,positive,positive,,negative
631,Lory Grigolli,lgrigollihi@pcworld.com,Female,Khelyulya,22/03/2025,positive,,positive,positive
632,Kelcy MacGowan,kmacgowanhj@list-manage.com,Female,,28/12/2023,negative,,positive,positive
633,Kalle Brunetti,kbrunettihk@wikispaces.com,Male,,19/07/2024,positive,negative,positive,negative
634,Jephthah Pritchett,jpritchetthl@amazonaws.com,Male,Shreveport,26/09/2024,positive,,negative,negative
635,Lanny Ruthven,lruthvenhm@taobao.com,Male,Chuhuyiv,02/08/2024,,,,
636,Angelia Syme,asymehn@techcrunch.com,Female,,08/05/2024,,positive,negative,negative
637,Jeremias McAneny,jmcanenyho@hibu.com,Bigender,Sofrino,30/09/2024,negative,negative,positive,positive
638,Kaye Whybrow,kwhybrowhp@sfgate.com,Female,Sondo,10/05/2024,,,negative,positive
639,Pippo Shuttleworth,pshuttleworthhq@harvard.edu,Male,,11/12/2023,,,,positive
640,Katherina De Ruggero,kdehr@i2i.jp,Genderfluid,,20/12/2023,,negative,negative,
641,Nady Ruffler,nrufflerhs@xing.com,Female,,05/04/2024,,negative,,positive
642,Amber Easterfield,aeasterfieldht@blog.com,Bigender,Sovetskaya Gavan’,30/12/2024,negative,,,positive
643,Maximilian Dalinder,mdalinderhu@mashable.com,Male,Tuchoměřice,31/01/2025,negative,positive,,positive
644,Junie McQuirter,jmcquirterhv@is.gd,Female,Purwosari,09/03/2025,negative,,positive,positive
645,Claudine Varlow,cvarlowhw@answers.com,Female,Ōtsu-shi,01/11/2024,positive,positive,negative,
646,Deni Proud,dproudhx@cnet.com,Female,Ron Phibun,15/09/2024,negative,positive,negative,positive
647,Boothe Sullivan,bsullivanhy@zdnet.com,Agender,,26/06/2024,positive,positive,negative,positive
648,Alejandro Elcum,aelcumhz@mac.com,Male,Bang Bua Thong,20/05/2025,,positive,positive,negative
649,Rodolfo Kyffin,rkyffini0@vk.com,Male,Besançon,03/09/2024,negative,negative,,
650,Neall Hughson,nhughsoni1@hao123.com,Male,Moycullen,06/11/2023,negative,,negative,positive
651,Norton Dorre,ndorrei2@wufoo.com,Male,,16/02/2025,positive,positive,negative,negative
652,Pattin Hadeke,phadekei3@vinaora.com,Male,,19/08/2024,,positive,positive,negative
653,Luz Mogey,lmogeyi4@china.com.cn,Female,Changtang,08/04/2025,negative,negative,negative,negative
654,Dale Bazek,dbazeki5@ft.com,Female,Libao,03/05/2024,,,negative,negative
655,Parsifal Gladyer,pgladyeri6@examiner.com,Male,Huangcun,05/06/2025,negative,negative,positive,
656,Farleigh Ryves,fryvesi7@flickr.com,Male,,22/12/2024,,,positive,positive
657,Hollis Henriet,hhenrieti8@artisteer.com,Male,Ban Phan Don,29/03/2024,,positive,positive,negative
658,Jori Gobell,jgobelli9@nbcnews.com,Female,,12/12/2023,positive,positive,negative,
659,Gilles Sothern,gsothernia@bloomberg.com,Male,Ban Bueng,15/06/2024,positive,negative,negative,
660,Xenia Bice,xbiceib@seattletimes.com,Female,Čačinci,19/03/2025,positive,negative,negative,negative
661,Dyana Adey,dadeyic@hhs.gov,Female,Kan,23/11/2023,negative,positive,positive,negative
662,Teddi Greatbanks,tgreatbanksid@themeforest.net,Female,Levin,30/12/2024,,negative,positive,negative
663,Marga Lanceter,mlanceterie@fema.gov,Female,Biaoshan,29/02/2024,positive,negative,negative,
664,Annabal Ever,aeverif@seattletimes.com,Female,,19/02/2025,negative,negative,,negative
665,Joete Muge,jmugeig@4shared.com,Non-binary,Culacling,27/07/2024,,positive,positive,positive
666,Ly Godspede,lgodspedeih@nifty.com,Male,Sharga,15/12/2024,,negative,negative,positive
667,Rozalie Esland,reslandii@zimbio.com,Female,,05/05/2025,,negative,positive,positive
668,Lotty Civitillo,lcivitilloij@yellowpages.com,Female,Kai,01/07/2024,,negative,,positive
669,Carlita Hexam,chexamik@sogou.com,Polygender,,27/03/2024,positive,positive,positive,positive
670,Hedwiga Limbrick,hlimbrickil@1688.com,Female,Suocheng,12/08/2024,,negative,,positive
671,Una Schleswig-Holstein,uschleswigholsteinim@jugem.jp,Female,,30/04/2025,positive,,negative,positive
672,Ree Doge,rdogein@about.com,Female,Al Nashmah,03/09/2024,,positive,negative,positive
673,Calli Krop,ckropio@nbcnews.com,Polygender,Santa Cruz,29/05/2024,,positive,,negative
674,Blinny Rummings,brummingsip@comcast.net,Polygender,Fort Lauderdale,23/04/2025,,,negative,negative
675,Branden Jeaves,bjeavesiq@storify.com,Male,Marihatag,16/01/2025,negative,negative,positive,
676,Maryanne McMorran,mmcmorranir@reference.com,Female,,12/06/2024,,positive,,
677,Sheffie Brands,sbrandsis@time.com,Male,James Craik,16/09/2024,,negative,positive,negative
678,Lilian Searjeant,lsearjeantit@etsy.com,Female,,05/01/2025,positive,,,negative
679,Gunther Edgars,gedgarsiu@google.nl,Male,Igarapé Miri,12/03/2024,positive,,positive,
680,Rhoda Pawson,rpawsoniv@foxnews.com,Female,,07/02/2025,positive,negative,negative,negative
681,Riordan Vasovic,rvasoviciw@msu.edu,Male,,21/03/2025,positive,positive,positive,positive
682,Tab Androli,tandroliix@arstechnica.com,Male,Muye,24/02/2024,,,,
683,Dorthy Kleint,dkleintiy@irs.gov,Female,,17/02/2024,positive,,negative,negative
684,Nananne Mattiussi,nmattiussiiz@timesonline.co.uk,Female,,11/09/2024,positive,,positive,negative
685,Arte Ketteridge,aketteridgej0@biblegateway.com,Male,Cergy-Pontoise,29/07/2024,positive,positive,positive,
686,Amil Astley,aastleyj1@ow.ly,Female,Standerton,20/02/2025,negative,positive,negative,negative
687,Russ Berge,rbergej2@cam.ac.uk,Male,General Alvear,03/04/2025,negative,negative,,negative
688,Ase Silverlock,asilverlockj3@npr.org,Non-binary,,06/01/2024,positive,negative,,positive
689,Shel Haacker,shaackerj4@cyberchimps.com,Female,Červená Voda,18/01/2025,,positive,positive,
690,Hartwell Mulchrone,hmulchronej5@indiegogo.com,Male,Kagoshima-shi,11/01/2024,positive,,positive,positive
691,Muffin Frugier,mfrugierj6@quantcast.com,Male,,09/02/2024,negative,positive,,positive
692,Cristine Margetson,cmargetsonj7@flickr.com,Female,Keffin Hausa,28/06/2025,,positive,positive,negative
693,Laurice Archer,larcherj8@ebay.com,Female,Independencia,11/05/2024,,negative,negative,
694,Margot Shevelin,mshevelinj9@photobucket.com,Female,Wuqiao,19/01/2025,positive,,,
695,Krispin McWhinnie,kmcwhinnieja@mtv.com,Male,Kabūdarāhang,11/11/2023,negative,positive,positive,positive
696,Meris MacCartney,mmaccartneyjb@ebay.com,Female,,08/02/2024,positive,positive,positive,
697,Ermentrude Reddyhoff,ereddyhoffjc@spiegel.de,Female,Lampa,19/02/2024,positive,negative,negative,positive
698,Demetre Flanne,dflannejd@hatena.ne.jp,Male,Kumlinge,14/12/2024,negative,,negative,negative
699,Si Theuff,stheuffje@mediafire.com,Male,,09/03/2025,,positive,,negative
700,Johnny Hardcastle,jhardcastlejf@jiathis.com,Male,Kuntong,09/02/2025,positive,negative,negative,
701,Wynn Chipps,wchippsjg@histats.com,Female,Ciudad Vieja,19/01/2024,,negative,negative,negative
702,Mikey Gurling,mgurlingjh@yellowpages.com,Male,Huangtan,21/06/2025,,negative,positive,negative
703,Daffy Thorn,dthornji@shop-pro.jp,Female,,03/08/2024,negative,positive,,
704,Brian Pavlata,bpavlatajj@epa.gov,Male,,08/01/2024,positive,negative,positive,negative
705,Bart Mc Faul,bmcjk@creativecommons.org,Male,Linqu,04/04/2024,,,positive,positive
706,Doralia Graver,dgraverjl@sbwire.com,Female,Suhopolje,21/03/2024,positive,negative,positive,positive
707,Thane Hawson,thawsonjm@comcast.net,Male,Chita,06/02/2024,,positive,,positive
708,Bonnibelle Huckett,bhuckettjn@webnode.com,Female,Lajaluhur,24/06/2025,,positive,negative,
709,Marcello Fleg,mflegjo@123-reg.co.uk,Male,Masaling,16/12/2023,positive,positive,negative,negative
710,Jaclin Rootes,jrootesjp@bloglovin.com,Female,Galis,20/06/2025,positive,positive,positive,
711,Marja Bartos,mbartosjq@dailymail.co.uk,Female,Embi,01/01/2024,positive,,,positive
712,Hugh Quinn,hquinnjr@reference.com,Male,,06/11/2024,positive,positive,positive,
713,Bradney MacNally,bmacnallyjs@google.cn,Male,,21/10/2024,,positive,positive,
714,Leighton Liver,lliverjt@hexun.com,Male,Gutalac,08/12/2024,positive,negative,positive,negative
715,Benedikt Ciraldo,bciraldoju@1688.com,Male,Néa Tríglia,14/03/2025,,,negative,positive
716,Remus July,rjulyjv@qq.com,Male,,09/11/2023,,,positive,positive
717,Melissa Foulger,mfoulgerjw@dailymail.co.uk,Female,,23/12/2023,negative,negative,,
718,Francisca Ambrozewicz,fambrozewiczjx@house.gov,Female,Pechersk,27/05/2024,positive,,,
719,Jamey Munning,jmunningjy@latimes.com,Male,Markaz Mudhaykirah,26/08/2024,positive,positive,negative,
720,Ferris Gras,fgrasjz@liveinternet.ru,Male,Garoua Boulaï,11/03/2024,negative,,positive,positive
721,Laina Cumberledge,lcumberledgek0@rambler.ru,Female,Yanmenguan,13/04/2024,positive,,positive,positive
722,Teresina Pinkie,tpinkiek1@bizjournals.com,Female,,23/08/2024,,negative,negative,
723,Elfrida Sproat,esproatk2@artisteer.com,Female,,06/08/2024,positive,negative,,
724,Jillayne Geroldini,jgeroldinik3@shinystat.com,Bigender,Yaojiaji,30/11/2023,positive,,,negative
725,Claudelle Sandbach,csandbachk4@ibm.com,Female,Ishinomaki,22/03/2025,,negative,,
726,Amata Van Dalen,avank5@thetimes.co.uk,Female,,28/01/2025,negative,negative,negative,
727,Brantley Kopta,bkoptak6@newyorker.com,Male,,06/02/2025,positive,,negative,positive
728,Shell Dawkes,sdawkesk7@go.com,Male,Khatanga,21/03/2024,,negative,positive,negative
729,Allene Wisdom,awisdomk8@tumblr.com,Female,,12/04/2025,positive,,negative,negative
730,Becky Souley,bsouleyk9@cyberchimps.com,Female,,23/06/2025,positive,positive,negative,positive
731,Bamby Pietrusiak,bpietrusiakka@yellowpages.com,Female,,03/03/2025,,,negative,negative
732,Rudy Pilch,rpilchkb@simplemachines.org,Male,Shahe,10/05/2024,positive,negative,negative,negative
733,Henri Musto,hmustokc@bloomberg.com,Male,,28/05/2025,,positive,,positive
734,Madalena Guitton,mguittonkd@digg.com,Female,Krasnyy Luch,23/11/2023,positive,positive,,negative
735,Karlee Ridgers,kridgerske@abc.net.au,Female,Martapura,21/12/2023,negative,negative,negative,positive
736,Arlie Watkinson,awatkinsonkf@google.cn,Female,,22/04/2025,positive,,,negative
737,Arin Springford,aspringfordkg@about.me,Male,,21/09/2024,,negative,positive,
738,Violante Honeyghan,vhoneyghankh@gmpg.org,Female,,10/11/2024,,negative,negative,
739,Moshe Eck,meckki@soundcloud.com,Male,Yokosuka,30/05/2025,positive,,positive,
740,Kyla Keeton,kkeetonkj@slate.com,Female,Tha Tako,13/05/2024,positive,,,
741,Nicolais Scirman,nscirmankk@oaic.gov.au,Male,,08/01/2024,,,positive,negative
742,Ignaz Saull,isaullkl@wordpress.org,Male,,18/10/2024,negative,positive,,positive
743,Madonna Janson,mjansonkm@ihg.com,Female,San Francisco,01/03/2024,,positive,negative,
744,Aguste Hatliffe,ahatliffekn@elegantthemes.com,Male,Mekon,10/05/2024,negative,negative,positive,positive
745,Sharyl Okenden,sokendenko@ning.com,Female,Moneghetti,30/03/2025,,positive,positive,
746,Fay Moehle,fmoehlekp@yellowpages.com,Female,Novomoskovs’k,19/01/2025,negative,positive,,positive
747,Charyl Toffano,ctoffanokq@imgur.com,Female,Yousheng,14/03/2025,negative,positive,positive,positive
748,Constantia Darragon,cdarragonkr@theatlantic.com,Female,Xilong,22/04/2025,negative,,positive,negative
749,Bernie Wetwood,bwetwoodks@edublogs.org,Female,Arsen’yev,28/09/2024,negative,positive,positive,positive
750,Jourdain Duignan,jduignankt@va.gov,Male,,04/10/2024,positive,positive,positive,
751,Pattin Dunham,pdunhamku@instagram.com,Male,Daigo,31/08/2024,positive,,positive,negative
752,Pietrek Bleby,pblebykv@free.fr,Male,,01/05/2025,positive,,negative,
753,Dannie Videan,dvideankw@macromedia.com,Female,Arroio do Meio,14/04/2024,positive,negative,negative,
754,Sargent Polon,spolonkx@nifty.com,Male,,25/11/2023,negative,negative,negative,negative
755,Lenee Jeste,ljesteky@cafepress.com,Female,,23/12/2024,negative,,,positive
756,Enoch Brumpton,ebrumptonkz@smh.com.au,Male,Haodian,08/03/2024,positive,negative,,negative
757,Tremaine Moston,tmostonl0@phpbb.com,Male,,07/08/2024,negative,negative,negative,positive
758,Niko Deporte,ndeportel1@deliciousdays.com,Male,,28/09/2024,,positive,,negative
759,Chickie Bigmore,cbigmorel2@netlog.com,Female,Huaquillas,18/11/2024,negative,negative,positive,positive
760,Magdalen Muston,mmustonl3@4shared.com,Female,Mwense,22/06/2024,,,positive,positive
761,Constantia Wilkin,cwilkinl4@tumblr.com,Female,,26/01/2025,,positive,,negative
762,Esma Feldbaum,efeldbauml5@nytimes.com,Female,,10/02/2025,negative,,,
763,Noby Yakunchikov,nyakunchikovl6@hubpages.com,Male,Mosal’sk,29/05/2024,positive,negative,negative,positive
764,Hogan Chadbourne,hchadbournel7@a8.net,Male,Mayo,08/12/2024,negative,negative,negative,positive
765,Aeriell Masterton,amastertonl8@gnu.org,Female,Colombes,17/03/2024,,,negative,positive
766,Guinevere Eastam,geastaml9@illinois.edu,Female,,04/08/2024,,positive,negative,negative
767,Barbabas Lessmare,blessmarela@prnewswire.com,Male,Jaguarari,03/06/2025,positive,,negative,positive
768,Vince Gleasane,vgleasanelb@google.com.au,Male,Kamifukuoka,14/12/2024,positive,positive,positive,positive
769,Toma Digby,tdigbylc@taobao.com,Female,Ryczywół,24/09/2024,,negative,negative,positive
770,Kevyn Kenset,kkensetld@timesonline.co.uk,Female,Rukem,12/05/2024,positive,positive,positive,
771,Cassy Deshorts,cdeshortsle@comcast.net,Female,,07/11/2023,,positive,negative,positive
772,Stavro Euston,seustonlf@discuz.net,Male,Nadezhda,10/04/2025,positive,,negative,positive
773,Tirrell Winslet,twinsletlg@whitehouse.gov,Male,Fulu,01/12/2024,,,,positive
774,Claus Ogles,cogleslh@blogger.com,Polygender,Gaocheng,17/12/2024,positive,,,
775,Nora Heild,nheildli@blog.com,Female,Klimontów,06/09/2024,negative,negative,negative,negative
776,Payton Lindwall,plindwalllj@blog.com,Male,Labruge,03/04/2024,,positive,positive,negative
777,Ailsun Matyukon,amatyukonlk@gov.uk,Female,,10/10/2024,positive,negative,negative,
778,Ida Hourican,ihouricanll@salon.com,Female,,09/09/2024,positive,negative,positive,negative
779,Charita Giffon,cgiffonlm@huffingtonpost.com,Female,,15/05/2024,positive,positive,negative,negative
780,Mellisa Boath,mboathln@oaic.gov.au,Female,Feni,05/03/2025,,negative,,negative
781,Bax Barbrook,bbarbrooklo@nasa.gov,Male,Ponoka,10/01/2025,negative,positive,positive,
782,Merwin Glencrash,mglencrashlp@artisteer.com,Male,Kopen,07/08/2024,positive,positive,positive,positive
783,Meridith Earngy,mearngylq@constantcontact.com,Female,Okcheon,23/10/2024,positive,positive,,negative
784,Titus Poulett,tpoulettlr@qq.com,Male,Niterói,27/01/2025,,,positive,
785,Roz Franklin,rfranklinls@reddit.com,Female,Argotirto Krajan,22/12/2023,positive,negative,,positive
786,Robb Twaite,rtwaitelt@edublogs.org,Male,Anjihai,23/06/2024,negative,negative,positive,positive
787,Christoper Arbor,carborlu@desdev.cn,Male,Chợ Mới,07/09/2024,positive,positive,negative,
788,Glennie Bartkiewicz,gbartkiewiczlv@woothemes.com,Female,,23/06/2024,,,negative,positive
789,Evan Hemphall,ehemphalllw@cdbaby.com,Polygender,Loureiro,11/07/2024,,positive,positive,negative
790,Muhammad Montford,mmontfordlx@un.org,Male,Hupalivka,05/06/2024,,negative,,
791,Ermin Crummie,ecrummiely@independent.co.uk,Male,Kadubincarung,26/12/2023,,negative,positive,
792,Bernardo Rhymer,brhymerlz@gizmodo.com,Male,Tuanalepe,28/02/2025,,,negative,
793,Vivienne MacElholm,vmacelholmm0@flavors.me,Female,Sanjwāl,14/12/2023,,,negative,positive
794,Brooks Vaskov,bvaskovm1@accuweather.com,Female,Tlogosadang,27/06/2024,positive,negative,positive,positive
795,Daisi Mallalieu,dmallalieum2@liveinternet.ru,Female,Zuru,11/08/2024,positive,,negative,positive
796,Ninetta Yakushkin,nyakushkinm3@t-online.de,Agender,,24/02/2025,,negative,negative,positive
797,Bria Watmough,bwatmoughm4@nationalgeographic.com,Agender,Jumpangdua,19/12/2023,negative,,negative,negative
798,Davin Surpliss,dsurplissm5@dropbox.com,Male,Teno,03/02/2025,negative,positive,positive,
799,Jule Ceschi,jceschim6@sogou.com,Male,Bianxiong,19/03/2024,negative,positive,,negative
800,Wadsworth Assante,wassantem7@booking.com,Genderfluid,Ouésso,16/09/2024,positive,negative,,negative
801,Shawn Preece,spreecem8@youku.com,Male,Da’an,22/11/2024,,negative,positive,
802,Cookie Dressel,cdresselm9@utexas.edu,Female,Kolpashevo,15/03/2024,negative,negative,negative,negative
803,Byrle Gannicott,bgannicottma@mac.com,Male,Jovim,24/05/2024,,negative,positive,positive
804,Corabelle McKitterick,cmckitterickmb@topsy.com,Female,Imām Şāḩib,07/06/2024,positive,positive,negative,negative
805,Candra Annott,cannottmc@csmonitor.com,Female,,15/05/2025,,positive,,negative
806,Rolph Hudghton,rhudghtonmd@ted.com,Male,Gorjani,02/12/2024,positive,negative,,negative
807,Boigie Arnowicz,barnowiczme@amazon.de,Male,Bourg-en-Bresse,03/03/2025,positive,negative,negative,
808,Madeline Jojic,mjojicmf@tmall.com,Female,Xiangqiao,15/03/2024,,positive,negative,
809,Vivi Ketchen,vketchenmg@bloomberg.com,Female,,20/04/2024,negative,negative,,negative
810,Eirena Novic,enovicmh@qq.com,Female,Bukowiec,31/01/2025,,,negative,positive
811,Colly Aggett,caggettmi@xrea.com,Female,,21/11/2024,positive,positive,positive,negative
812,Hazlett McCrackem,hmccrackemmj@census.gov,Male,,11/03/2024,negative,,,negative
813,Vassili Lamblot,vlamblotmk@aboutads.info,Male,Mbaké,09/03/2025,positive,negative,,negative
814,Laney Bishopp,lbishoppml@trellian.com,Female,Tamansari,22/11/2024,,,positive,
815,Arny Antusch,aantuschmm@comsenz.com,Male,,18/04/2025,positive,negative,negative,positive
816,Phedra Fforde,pffordemn@mediafire.com,Female,,23/06/2025,,negative,,negative
817,Anatola Baly,abalymo@com.com,Female,Surenavan,11/01/2025,positive,positive,positive,
818,Maximilian Barles,mbarlesmp@pcworld.com,Male,Perrelos,27/08/2024,,positive,,
819,Cyrillus Cavendish,ccavendishmq@merriam-webster.com,Male,Madara,03/06/2025,negative,,negative,
820,Pacorro Jakubski,pjakubskimr@gravatar.com,Male,Gongfang,04/06/2024,negative,,negative,positive
821,Devin Bassingham,dbassinghamms@reddit.com,Female,,04/06/2024,,positive,positive,positive
822,Karee Lednor,klednormt@hubpages.com,Female,,01/11/2024,negative,positive,,negative
823,Bobette Meadus,bmeadusmu@dagondesign.com,Genderfluid,Malahide,17/06/2025,negative,,,
824,Rich Angliss,ranglissmv@rediff.com,Male,Ubon Ratchathani,10/11/2024,negative,positive,positive,negative
825,Tanney Ratcliffe,tratcliffemw@mlb.com,Male,Skópelos,25/06/2025,,,negative,positive
826,Fidelio Wilshire,fwilshiremx@archive.org,Male,Göteborg,23/10/2024,positive,negative,positive,positive
827,Konrad Ramm,krammmy@1und1.de,Male,Grebnevo,20/12/2023,negative,negative,,positive
828,Mattheus Boal,mboalmz@shinystat.com,Male,,06/01/2025,,negative,negative,
829,Inger Sheward,ishewardn0@dropbox.com,Female,,06/11/2023,positive,negative,,negative
830,Urban Windless,uwindlessn1@nba.com,Male,La Paz,16/01/2024,,negative,,negative
831,Ursola Rittmeyer,urittmeyern2@behance.net,Female,,10/07/2024,positive,,positive,
832,Reinhard Lambdean,rlambdeann3@wisc.edu,Agender,Selopuro,23/04/2024,negative,negative,,positive
833,Yancey De Blasi,yden4@posterous.com,Male,Hamburg Winterhude,07/03/2025,positive,positive,,
834,Georas Guidera,gguideran5@oakley.com,Male,Rokiškis,09/11/2023,positive,negative,,
835,Bili Hames,bhamesn6@uol.com.br,Female,Navashino,16/02/2024,negative,positive,negative,positive
836,Yvette Wikey,ywikeyn7@free.fr,Female,Anin,09/03/2024,,positive,positive,positive
837,Julita Pautot,jpautotn8@liveinternet.ru,Female,Bintuni,20/02/2024,,negative,positive,negative
838,Erica Paradin,eparadinn9@amazon.de,Female,Longsheng,08/02/2024,negative,negative,negative,negative
839,Doyle Vicar,dvicarna@bluehost.com,Male,Maştağa,09/11/2023,,,,positive
840,Adelle Heaviside,aheavisidenb@google.com.br,Female,,06/11/2023,negative,,,negative
841,Carlynn Hoolaghan,choolaghannc@utexas.edu,Female,,16/02/2024,positive,negative,,positive
842,Darcee Deamer,ddeamernd@rambler.ru,Female,Reda,06/01/2024,,positive,negative,
843,Ella Gutierrez,egutierrezne@discuz.net,Female,Mutis,10/03/2025,positive,,,negative
844,Freddy Pedler,fpedlernf@msu.edu,Male,Tonota,10/04/2024,negative,,negative,positive
845,Natalee Cornehl,ncornehlng@tuttocitta.it,Polygender,La Colorada,02/06/2025,,negative,positive,negative
846,Delano Lampens,dlampensnh@linkedin.com,Male,,06/05/2024,negative,negative,positive,
847,Wyatt Reavell,wreavellni@rakuten.co.jp,Male,Niejiahe,11/05/2024,negative,positive,,
848,Vachel Pabst,vpabstnj@ezinearticles.com,Male,Mae Charim,25/03/2024,,negative,positive,positive
849,Kimberlee Peach,kpeachnk@bbc.co.uk,Female,Citeguh,30/11/2023,,positive,negative,negative
850,Kelbee Bergin,kberginnl@sbwire.com,Male,,07/12/2024,positive,negative,negative,negative
851,Josefa Gerbl,jgerblnm@elpais.com,Female,Kosmonosy,24/06/2025,positive,,positive,negative
852,Guenevere Witnall,gwitnallnn@cyberchimps.com,Female,Shiniujiang,21/10/2024,positive,,positive,
853,Drusi Dowsett,ddowsettno@qq.com,Female,Volodarka,04/04/2025,,negative,,negative
854,Jeth Shillam,jshillamnp@google.es,Male,Kallithéa,03/03/2025,negative,negative,,negative
855,Garrett Haysham,ghayshamnq@cdc.gov,Male,Jalpatagua,16/04/2024,,positive,positive,
856,Leicester MacGahy,lmacgahynr@netvibes.com,Male,Xinan,21/02/2025,negative,negative,positive,negative
857,Heywood Momford,hmomfordns@amazon.co.uk,Male,,10/09/2024,negative,,positive,positive
858,Jarid Shulver,jshulvernt@gravatar.com,Genderfluid,Emiliano Zapata,06/12/2023,positive,positive,,
859,Rob Pleasaunce,rpleasauncenu@vistaprint.com,Male,,30/12/2024,positive,,,
860,Creighton Dunaway,cdunawaynv@liveinternet.ru,Male,,17/11/2023,negative,positive,,positive
861,Kay Moodycliffe,kmoodycliffenw@virginia.edu,Non-binary,,02/06/2024,positive,positive,,negative
862,Mindy Ozintsev,mozintsevnx@ft.com,Female,Porsgrunn,11/03/2025,negative,,,
863,Haze Bentick,hbentickny@altervista.org,Male,Barras,20/04/2025,positive,,positive,positive
864,Travers Gasparro,tgasparronz@ycombinator.com,Male,Viñac,03/02/2024,,,,
865,Yorgo Raynton,yrayntono0@google.ca,Male,Jinchang,22/12/2023,,positive,,positive
866,Gayle Boshier,gboshiero1@dot.gov,Male,Yangshuo,26/04/2025,,negative,,
867,Louisa Kidman,lkidmano2@sbwire.com,Polygender,Bandar Pusat Jengka,10/10/2024,,,positive,negative
868,Audie Doswell,adoswello3@wikipedia.org,Female,,30/04/2024,positive,,negative,negative
869,Northrop Skellen,nskelleno4@aboutads.info,Male,,10/11/2024,,positive,,positive
870,Malina Signe,msigneo5@redcross.org,Female,,27/02/2025,positive,negative,positive,negative
871,Padgett Andriveaux,pandriveauxo6@amazon.com,Male,Kandang Timur,15/05/2024,negative,,positive,positive
872,Fredi Mott,fmotto7@vistaprint.com,Female,Polýkastro,31/12/2023,positive,positive,,negative
873,Bogey Kirwan,bkirwano8@histats.com,Male,,06/06/2024,negative,negative,negative,positive
874,Shawn Labdon,slabdono9@people.com.cn,Female,,17/04/2024,positive,negative,positive,positive
875,Zarla Caney,zcaneyoa@exblog.jp,Female,,25/07/2024,negative,,,negative
876,Forrest Davidescu,fdavidescuob@creativecommons.org,Male,Shuyuan Zhen,25/09/2024,negative,positive,positive,
877,Rand Dulen,rdulenoc@yolasite.com,Male,Changliu,05/01/2024,negative,positive,negative,positive
878,Artair Taffrey,ataffreyod@fema.gov,Male,Soest,04/03/2024,positive,,positive,
879,Cassie Whittock,cwhittockoe@ocn.ne.jp,Female,,09/12/2024,,negative,positive,positive
880,Linoel Corington,lcoringtonof@eventbrite.com,Polygender,,24/08/2024,,positive,,positive
881,Nevile Doughartie,ndoughartieog@ftc.gov,Male,Nanyanchuan,01/05/2025,positive,positive,negative,negative
882,Wilhelm Aprahamian,waprahamianoh@yolasite.com,Male,Bolhrad,28/06/2024,negative,positive,negative,negative
883,Dulciana Rucklesse,drucklesseoi@odnoklassniki.ru,Female,Pār Naogaon,01/05/2024,positive,negative,negative,negative
884,Kippie Impey,kimpeyoj@illinois.edu,Male,Karlovo,26/01/2025,,negative,,positive
885,Estevan Ogborn,eogbornok@google.de,Male,Saint-Grégoire,21/09/2024,,positive,negative,
886,Hewie O'Dunneen,hodunneenol@techcrunch.com,Male,San Lucas Tolimán,04/04/2025,negative,,positive,
887,Nicol Lindell,nlindellom@shop-pro.jp,Male,Arauca,03/12/2024,,negative,positive,negative
888,Gretchen Miller,gmilleron@networksolutions.com,Female,Banjar Sedang,27/02/2025,positive,negative,negative,
889,Karrah Coverly,kcoverlyoo@github.io,Female,,09/07/2024,,positive,positive,
890,Abeu Gail,agailop@about.me,Male,San Miguel,15/01/2024,negative,positive,positive,negative
891,Ruby Whatham,rwhathamoq@1688.com,Male,,30/12/2023,positive,,negative,positive
892,Sybil Whithalgh,swhithalghor@blog.com,Female,,23/03/2024,negative,positive,negative,positive
893,Rhys Cassells,rcassellsos@example.com,Male,Lindavista,26/05/2024,positive,,positive,negative
894,Dyan Moyes,dmoyesot@hubpages.com,Female,Bus’k,23/01/2025,negative,positive,,positive
895,Vincenz Arthur,varthurou@weibo.com,Male,Tujing,18/01/2025,,,,negative
896,Harris Candelin,hcandelinov@eepurl.com,Male,,05/11/2023,positive,negative,positive,negative
897,Derry Shildrake,dshildrakeow@photobucket.com,Male,,15/09/2024,,positive,positive,
898,Tucker Cicchillo,tcicchilloox@artisteer.com,Male,Mengenkrajan,07/12/2023,,negative,positive,positive
899,Neel Seacroft,nseacroftoy@free.fr,Male,,14/01/2024,positive,,,negative
900,Gerard Connold,gconnoldoz@alibaba.com,Male,Mekarsari,26/01/2024,negative,positive,negative,positive
901,Burl Stenett,bstenettp0@spiegel.de,Male,,15/03/2025,negative,,negative,
902,Norby Ditt,ndittp1@amazon.de,Male,Zaragoza,05/06/2025,,positive,positive,
903,Felicity Drance,fdrancep2@cbslocal.com,Female,,09/03/2025,,positive,positive,
904,Hobey Mallaby,hmallabyp3@privacy.gov.au,Male,Haolaishan,19/12/2023,negative,positive,,
905,Ambros Frederick,afrederickp4@examiner.com,Male,,16/01/2024,,negative,,negative
906,Caryl Scoggins,cscogginsp5@mediafire.com,Male,Velké Karlovice,21/11/2024,positive,,negative,
907,Keven Loines,kloinesp6@privacy.gov.au,Male,,15/03/2024,negative,positive,positive,
908,Sandie Cradick,scradickp7@sohu.com,Female,Mayskiy,18/06/2025,negative,negative,positive,negative
909,Cathie Eglinton,ceglintonp8@is.gd,Female,Manolás,11/11/2023,,positive,positive,
910,Clevey Northleigh,cnorthleighp9@nba.com,Male,Tharyarwady,31/03/2024,positive,negative,positive,negative
911,Kippie Piccop,kpiccoppa@dion.ne.jp,Male,Puro,13/08/2024,negative,positive,positive,negative
912,Larisa Hartnell,lhartnellpb@mlb.com,Non-binary,Mao,02/01/2025,positive,negative,negative,
913,Mellicent Pryn,mprynpc@i2i.jp,Female,,05/04/2024,,positive,negative,positive
914,Emmalynn Sallan,esallanpd@pbs.org,Female,,11/06/2024,negative,positive,positive,positive
915,Kissie Ness,knesspe@123-reg.co.uk,Female,Karlobag,29/03/2025,positive,positive,positive,negative
916,Dick Sebright,dsebrightpf@pagesperso-orange.fr,Male,Krajansumbermujur,17/11/2023,positive,negative,positive,negative
917,Marinna Connop,mconnoppg@biglobe.ne.jp,Bigender,Borgo Maggiore,26/11/2024,,negative,,negative
918,Virgie O'Kennedy,vokennedyph@infoseek.co.jp,Male,Barra Velha,16/09/2024,positive,positive,negative,
919,Roselle Freake,rfreakepi@barnesandnoble.com,Female,Meudon,02/05/2024,,negative,positive,
920,Nelia Bartolijn,nbartolijnpj@google.nl,Female,,19/09/2024,positive,positive,,
921,Tamar Backshell,tbackshellpk@macromedia.com,Female,Beaung Tengah,16/01/2024,positive,negative,positive,negative
922,Darda Di Maggio,ddipl@quantcast.com,Female,,14/06/2025,positive,positive,negative,negative
923,Kendricks Hasney,khasneypm@issuu.com,Male,,28/12/2023,positive,positive,negative,negative
924,Karlyn Doerrling,kdoerrlingpn@marketwatch.com,Female,,08/07/2024,positive,,positive,negative
925,Cordell Pattinson,cpattinsonpo@sciencedaily.com,Male,Esuk Oron,16/03/2025,negative,negative,,negative
926,Ravi Shevlan,rshevlanpp@paypal.com,Male,Shiban,30/03/2025,negative,positive,positive,positive
927,Filmore Grubey,fgrubeypq@si.edu,Male,,24/05/2024,negative,positive,positive,positive
928,Stepha Merrikin,smerrikinpr@twitter.com,Genderfluid,Ayía Triás,23/11/2024,positive,negative,positive,negative
929,Joceline Pycock,jpycockps@deviantart.com,Female,,16/12/2024,,positive,negative,positive
930,Francesca Rowbotham,frowbothampt@state.tx.us,Female,Villa Nueva,24/01/2025,,positive,,
931,Duke Chesnay,dchesnaypu@i2i.jp,Male,Mmathubudukwane,14/02/2025,negative,,,positive
932,Lissi Ingraham,lingrahampv@ow.ly,Female,Nieborów,02/12/2024,,negative,negative,positive
933,Wash Steljes,wsteljespw@weather.com,Male,,25/02/2025,,,positive,negative
934,Norry Noddle,nnoddlepx@trellian.com,Male,,25/09/2024,negative,negative,negative,positive
935,Alice Stuttman,astuttmanpy@cloudflare.com,Bigender,Colosó,24/07/2024,,negative,,negative
936,Jone Stansfield,jstansfieldpz@issuu.com,Male,,21/12/2023,,negative,,
937,Arv Kelcher,akelcherq0@dion.ne.jp,Male,Shirahamachō-usazakiminami,22/04/2025,negative,positive,positive,positive
938,Sauveur Dikels,sdikelsq1@netvibes.com,Male,Jinpanling,18/03/2025,positive,positive,,positive
939,Coralie Gladwish,cgladwishq2@weather.com,Agender,Saint-Félicien,23/08/2024,positive,,negative,
940,Roosevelt Kohen,rkohenq3@guardian.co.uk,Agender,Baiyang,26/04/2025,negative,positive,positive,negative
941,Renato Egalton,regaltonq4@clickbank.net,Male,Nepomuceno,05/01/2024,positive,,negative,negative
942,Fremont Simic,fsimicq5@ucoz.ru,Male,Bremen,27/11/2024,negative,negative,positive,positive
943,Corty Hallett,challettq6@shop-pro.jp,Male,Murmino,23/01/2024,,,negative,
944,Gennifer Kalberer,gkalbererq7@ftc.gov,Female,Taounza,28/05/2025,negative,,positive,negative
945,Bobbette Went,bwentq8@techcrunch.com,Female,Xingguo,30/12/2023,positive,positive,positive,negative
946,Rube Ferrai,rferraiq9@blogs.com,Male,Mundão,17/01/2025,negative,positive,positive,
947,Ronnica Alyukin,ralyukinqa@wsj.com,Female,La Roche-sur-Yon,26/03/2024,negative,,positive,
948,Ford Halvorsen,fhalvorsenqb@wordpress.org,Male,,16/12/2024,negative,negative,positive,negative
949,Felike Reynold,freynoldqc@gmpg.org,Male,,14/07/2024,,negative,negative,positive
950,Germain Blesli,gblesliqd@cnbc.com,Female,,21/02/2025,positive,negative,positive,
951,Michele Ravillas,mravillasqe@nature.com,Female,Maji,09/08/2024,negative,negative,,
952,Mendel Belch,mbelchqf@merriam-webster.com,Male,Zhuoshui,02/09/2024,,negative,negative,
953,Vanda Antony,vantonyqg@ifeng.com,Female,Golcowa,13/01/2025,positive,,negative,negative
954,Eb Murch,emurchqh@thetimes.co.uk,Male,,30/06/2024,,positive,,
955,Isa Helliar,ihelliarqi@columbia.edu,Male,,17/01/2024,positive,negative,positive,positive
956,Ulick Dennant,udennantqj@patch.com,Male,,13/01/2025,,,,
957,Whitman Carrier,wcarrierqk@go.com,Male,Fresno,22/09/2024,negative,,,
958,Norry Matzeitis,nmatzeitisql@biblegateway.com,Genderfluid,Lidzbark,15/05/2025,positive,positive,positive,positive
959,Huntlee Leaman,hleamanqm@newsvine.com,Male,Boluo,28/07/2024,positive,,negative,negative
960,Natale Kirimaa,nkirimaaqn@fc2.com,Male,,25/06/2025,negative,negative,negative,negative
961,Omero Sporton,osportonqo@about.com,Agender,,14/03/2024,negative,,,positive
962,Bryn Baptie,bbaptieqp@freewebs.com,Female,Glan,06/01/2024,positive,,,negative
963,Brandais Matuszynski,bmatuszynskiqq@creativecommons.org,Female,Brasília de Minas,13/05/2025,positive,,,negative
964,Laurette MacClinton,lmacclintonqr@hugedomains.com,Female,,23/02/2025,negative,,,positive
965,Manon Zeale,mzealeqs@apple.com,Female,San Jose,19/12/2024,positive,negative,negative,positive
966,Chet Lautie,clautieqt@e-recht24.de,Male,Kuybyshev,21/04/2025,negative,,positive,positive
967,Elisabet Bishop,ebishopqu@hatena.ne.jp,Female,,16/06/2024,positive,positive,positive,positive
968,Augie Buckenham,abuckenhamqv@google.com.hk,Male,,16/02/2024,positive,,negative,positive
969,Di Bolver,dbolverqw@amazon.com,Female,Krajan Dua Patempuran,07/11/2023,,negative,negative,positive
970,Al Poetz,apoetzqx@forbes.com,Male,,29/05/2025,positive,,,
971,Cristina Nias,cniasqy@redcross.org,Female,,09/08/2024,negative,negative,positive,positive
972,Geoff Cowp,gcowpqz@toplist.cz,Male,Delta del Tigre,22/05/2025,positive,negative,,
973,Peyton Trevear,ptrevearr0@1und1.de,Male,Kabar Utara,20/02/2025,,,positive,positive
974,Shep Chessel,schesselr1@sciencedaily.com,Male,,18/10/2024,positive,,positive,
975,Viv Soppeth,vsoppethr2@sciencedaily.com,Female,,12/08/2024,negative,negative,positive,positive
976,Jacklyn Durbridge,jdurbridger3@scribd.com,Female,,19/09/2024,positive,negative,negative,
977,Bordy Tytcomb,btytcombr4@123-reg.co.uk,Male,,08/11/2023,negative,negative,negative,positive
978,Gertruda Medgwick,gmedgwickr5@google.com.br,Female,Sadská,17/02/2025,positive,negative,positive,negative
979,Luce Aldiss,laldissr6@mediafire.com,Male,Alfortville,21/12/2023,negative,negative,negative,negative
980,Christa Trimmell,ctrimmellr7@senate.gov,Female,Krajan,09/02/2025,negative,,negative,negative
981,Tully Flowith,tflowithr8@mapquest.com,Polygender,,10/06/2025,,positive,,positive
982,Brittany Staden,bstadenr9@sourceforge.net,Agender,,09/09/2024,negative,,positive,negative
983,Friedrick Water,fwaterra@addtoany.com,Male,Kleszczów,19/01/2025,,,,negative
984,Zedekiah Pettifor,zpettiforrb@google.fr,Male,Tal’ne,01/03/2024,negative,positive,negative,
985,Esther Dubbin,edubbinrc@oaic.gov.au,Female,Kalmunai,07/03/2024,negative,negative,positive,
986,Bartholomeo MacGebenay,bmacgebenayrd@salon.com,Male,,15/02/2025,negative,negative,,positive
987,Viole Fulstow,vfulstowre@china.com.cn,Female,Pasarkuok,22/01/2025,,positive,negative,negative
988,Morganne Loadsman,mloadsmanrf@cisco.com,Female,Sukorejo,10/04/2024,positive,positive,positive,positive
989,Ram Yonnie,ryonnierg@quantcast.com,Male,,28/02/2025,,negative,positive,positive
990,Corrie Salling,csallingrh@msn.com,Male,Baugo,03/03/2025,negative,positive,,negative
991,Loralee Gutsell,lgutsellri@comsenz.com,Female,Lyon,28/12/2023,,positive,,
992,Celestyna Gudd,cguddrj@gizmodo.com,Female,Bayog,06/06/2024,negative,,,negative
993,Loralee Phelipeau,lphelipeaurk@de.vu,Female,Melaka,07/04/2024,positive,positive,positive,positive
994,Arch Innwood,ainnwoodrl@intel.com,Male,Longhuashan,03/02/2024,positive,,,positive
995,Alane D'Antuoni,adantuonirm@zimbio.com,Female,Santo Tomás,07/09/2024,,negative,,negative
996,Rich Carlyle,rcarlylern@naver.com,Male,Xuyong,31/03/2025,,positive,positive,negative
997,Kelley Revey,kreveyro@symantec.com,Male,Yorosso,30/05/2025,positive,positive,positive,negative
998,Hayden Grene,hgrenerp@elegantthemes.com,Male,Loutráki,13/03/2025,negative,negative,negative,positive
999,Petey Gumm,pgummrq@addtoany.com,Male,Carregal,05/09/2024,positive,,positive,positive
1000,Adele Spottiswood,aspottiswoodrr@imgur.com,Female,,25/08/2024,,positive,positive,
